Date,Close/Last,Volume,Open,High,Low
02/20/2023,4.75,N/A,4.75,4.75,4.75
02/17/2023,4.75,N/A,4.75,4.75,4.75
02/16/2023,4.75,N/A,4.75,4.75,4.75
02/15/2023,4.75,N/A,4.75,4.75,4.75
02/14/2023,4.75,N/A,4.75,4.75,4.75
02/13/2023,4.75,N/A,4.75,4.75,4.75
02/10/2023,4.75,N/A,4.75,4.75,4.75
02/09/2023,4.75,N/A,4.75,4.75,4.75
02/08/2023,4.75,N/A,4.75,4.75,4.75
02/07/2023,4.75,N/A,4.75,4.75,4.75
02/06/2023,4.75,N/A,4.75,4.75,4.75
02/03/2023,4.75,N/A,4.75,4.75,4.75
02/02/2023,4.75,N/A,4.75,4.75,4.75
02/01/2023,4.5,N/A,4.5,4.5,4.5
01/31/2023,4.5,N/A,4.5,4.5,4.5
01/30/2023,4.5,N/A,4.5,4.5,4.5
01/27/2023,4.5,N/A,4.5,4.5,4.5
01/26/2023,4.5,N/A,4.5,4.5,4.5
01/25/2023,4.5,N/A,4.5,4.5,4.5
01/24/2023,4.5,N/A,4.5,4.5,4.5
01/23/2023,4.5,N/A,4.5,4.5,4.5
01/20/2023,4.5,N/A,4.5,4.5,4.5
01/19/2023,4.5,N/A,4.5,4.5,4.5
01/18/2023,4.5,N/A,4.5,4.5,4.5
01/17/2023,4.5,N/A,4.5,4.5,4.5
01/16/2023,4.5,N/A,4.5,4.5,4.5
01/13/2023,4.5,N/A,4.5,4.5,4.5
01/12/2023,4.5,N/A,4.5,4.5,4.5
01/11/2023,4.5,N/A,4.5,4.5,4.5
01/10/2023,4.5,N/A,4.5,4.5,4.5
01/09/2023,4.5,N/A,4.5,4.5,4.5
01/06/2023,4.5,N/A,4.5,4.5,4.5
01/05/2023,4.5,N/A,4.5,4.5,4.5
01/04/2023,4.5,N/A,4.5,4.5,4.5
01/03/2023,4.5,N/A,4.5,4.5,4.5
01/02/2023,4.5,N/A,4.5,4.5,4.5
12/30/2022,4.5,N/A,4.5,4.5,4.5
12/29/2022,4.5,N/A,4.5,4.5,4.5
12/28/2022,4.5,N/A,4.5,4.5,4.5
12/27/2022,4.5,N/A,4.5,4.5,4.5
12/26/2022,4.5,N/A,4.5,4.5,4.5
12/23/2022,4.5,N/A,4.5,4.5,4.5
12/22/2022,4.5,N/A,4.5,4.5,4.5
12/21/2022,4.5,N/A,4.5,4.5,4.5
12/20/2022,4.5,N/A,4.5,4.5,4.5
12/19/2022,4.5,N/A,4.5,4.5,4.5
12/16/2022,4.5,N/A,4.5,4.5,4.5
12/15/2022,4,N/A,4,4,4
12/14/2022,4,N/A,4,4,4
12/13/2022,4,N/A,4,4,4
12/12/2022,4,N/A,4,4,4
12/09/2022,4,N/A,4,4,4
12/08/2022,4,N/A,4,4,4
12/07/2022,4,N/A,4,4,4
12/06/2022,4,N/A,4,4,4
12/05/2022,4,N/A,4,4,4
12/02/2022,4,N/A,4,4,4
12/01/2022,4,N/A,4,4,4
11/30/2022,4,N/A,4,4,4
11/29/2022,4,N/A,4,4,4
11/28/2022,4,N/A,4,4,4
11/25/2022,4,N/A,4,4,4
11/24/2022,4,N/A,4,4,4
11/23/2022,4,N/A,4,4,4
11/22/2022,4,N/A,4,4,4
11/21/2022,4,N/A,4,4,4
11/18/2022,4,N/A,4,4,4
11/17/2022,4,N/A,4,4,4
11/16/2022,4,N/A,4,4,4
11/15/2022,4,N/A,4,4,4
11/14/2022,4,N/A,4,4,4
11/11/2022,4,N/A,4,4,4
11/10/2022,4,N/A,4,4,4
11/09/2022,4,N/A,4,4,4
11/08/2022,4,N/A,4,4,4
11/07/2022,4,N/A,4,4,4
11/04/2022,4,N/A,4,4,4
11/03/2022,4,N/A,4,4,4
11/02/2022,3.25,N/A,3.25,3.25,3.25
11/01/2022,3.25,N/A,3.25,3.25,3.25
10/31/2022,3.25,N/A,3.25,3.25,3.25
10/28/2022,3.25,N/A,3.25,3.25,3.25
10/27/2022,3.25,N/A,3.25,3.25,3.25
10/26/2022,3.25,N/A,3.25,3.25,3.25
10/25/2022,3.25,N/A,3.25,3.25,3.25
10/24/2022,3.25,N/A,3.25,3.25,3.25
10/21/2022,3.25,N/A,3.25,3.25,3.25
10/20/2022,3.25,N/A,3.25,3.25,3.25
10/19/2022,3.25,N/A,3.25,3.25,3.25
10/18/2022,3.25,N/A,3.25,3.25,3.25
10/17/2022,3.25,N/A,3.25,3.25,3.25
10/14/2022,3.25,N/A,3.25,3.25,3.25
10/13/2022,3.25,N/A,3.25,3.25,3.25
10/12/2022,3.25,N/A,3.25,3.25,3.25
10/11/2022,3.25,N/A,3.25,3.25,3.25
10/10/2022,3.25,N/A,3.25,3.25,3.25
10/07/2022,3.25,N/A,3.25,3.25,3.25
10/06/2022,3.25,N/A,3.25,3.25,3.25
10/05/2022,3.25,N/A,3.25,3.25,3.25
10/04/2022,3.25,N/A,3.25,3.25,3.25
10/03/2022,3.25,N/A,3.25,3.25,3.25
09/30/2022,3.25,N/A,3.25,3.25,3.25
09/29/2022,3.25,N/A,3.25,3.25,3.25
09/28/2022,3.25,N/A,3.25,3.25,3.25
09/27/2022,3.25,N/A,3.25,3.25,3.25
09/26/2022,3.25,N/A,3.25,3.25,3.25
09/23/2022,3.25,N/A,3.25,3.25,3.25
09/22/2022,3.25,N/A,3.25,3.25,3.25
09/21/2022,2.5,N/A,2.5,2.5,2.5
09/20/2022,2.5,N/A,2.5,2.5,2.5
09/19/2022,2.5,N/A,2.5,2.5,2.5
09/16/2022,2.5,N/A,2.5,2.5,2.5
09/15/2022,2.5,N/A,2.5,2.5,2.5
09/14/2022,2.5,N/A,2.5,2.5,2.5
09/13/2022,2.5,N/A,2.5,2.5,2.5
09/12/2022,2.5,N/A,2.5,2.5,2.5
09/09/2022,2.5,N/A,2.5,2.5,2.5
09/08/2022,2.5,N/A,2.5,2.5,2.5
09/07/2022,2.5,N/A,2.5,2.5,2.5
09/06/2022,2.5,N/A,2.5,2.5,2.5
09/05/2022,2.5,N/A,2.5,2.5,2.5
09/02/2022,2.5,N/A,2.5,2.5,2.5
09/01/2022,2.5,N/A,2.5,2.5,2.5
08/31/2022,2.5,N/A,2.5,2.5,2.5
08/30/2022,2.5,N/A,2.5,2.5,2.5
08/29/2022,2.5,N/A,2.5,2.5,2.5
08/26/2022,2.5,N/A,2.5,2.5,2.5
08/25/2022,2.5,N/A,2.5,2.5,2.5
08/24/2022,2.5,N/A,2.5,2.5,2.5
08/23/2022,2.5,N/A,2.5,2.5,2.5
08/22/2022,2.5,N/A,2.5,2.5,2.5
08/19/2022,2.5,N/A,2.5,2.5,2.5
08/18/2022,2.5,N/A,2.5,2.5,2.5
08/17/2022,2.5,N/A,2.5,2.5,2.5
08/16/2022,2.5,N/A,2.5,2.5,2.5
08/15/2022,2.5,N/A,2.5,2.5,2.5
08/12/2022,2.5,N/A,2.5,2.5,2.5
08/11/2022,2.5,N/A,2.5,2.5,2.5
08/10/2022,2.5,N/A,2.5,2.5,2.5
08/09/2022,2.5,N/A,2.5,2.5,2.5
08/08/2022,2.5,N/A,2.5,2.5,2.5
08/05/2022,2.5,N/A,2.5,2.5,2.5
08/04/2022,2.5,N/A,2.5,2.5,2.5
08/03/2022,2.5,N/A,2.5,2.5,2.5
08/02/2022,2.5,N/A,2.5,2.5,2.5
08/01/2022,2.5,N/A,2.5,2.5,2.5
07/29/2022,2.5,N/A,2.5,2.5,2.5
07/28/2022,2.5,N/A,2.5,2.5,2.5
07/27/2022,1.75,N/A,1.75,1.75,1.75
07/26/2022,1.75,N/A,1.75,1.75,1.75
07/25/2022,1.75,N/A,1.75,1.75,1.75
07/22/2022,1.75,N/A,1.75,1.75,1.75
07/21/2022,1.75,N/A,1.75,1.75,1.75
07/20/2022,1.75,N/A,1.75,1.75,1.75
07/19/2022,1.75,N/A,1.75,1.75,1.75
07/18/2022,1.75,N/A,1.75,1.75,1.75
07/15/2022,1.75,N/A,1.75,1.75,1.75
07/14/2022,1.75,N/A,1.75,1.75,1.75
07/13/2022,1.75,N/A,1.75,1.75,1.75
07/12/2022,1.75,N/A,1.75,1.75,1.75
07/11/2022,1.75,N/A,1.75,1.75,1.75
07/08/2022,1.75,N/A,1.75,1.75,1.75
07/07/2022,1.75,N/A,1.75,1.75,1.75
07/06/2022,1.75,N/A,1.75,1.75,1.75
07/05/2022,1.75,N/A,1.75,1.75,1.75
07/04/2022,1.75,N/A,1.75,1.75,1.75
07/01/2022,1.75,N/A,1.75,1.75,1.75
06/30/2022,1.75,N/A,1.75,1.75,1.75
06/29/2022,1.75,N/A,1.75,1.75,1.75
06/28/2022,1.75,N/A,1.75,1.75,1.75
06/27/2022,1.75,N/A,1.75,1.75,1.75
06/24/2022,1.75,N/A,1.75,1.75,1.75
06/23/2022,1.75,N/A,1.75,1.75,1.75
06/22/2022,1.75,N/A,1.75,1.75,1.75
06/21/2022,1.75,N/A,1.75,1.75,1.75
06/20/2022,1.75,N/A,1.75,1.75,1.75
06/17/2022,1,N/A,1,1,1
06/16/2022,1,N/A,1,1,1
06/15/2022,1,N/A,1,1,1
06/14/2022,1,N/A,1,1,1
06/13/2022,1,N/A,1,1,1
06/10/2022,1,N/A,1,1,1
06/09/2022,1,N/A,1,1,1
06/08/2022,1,N/A,1,1,1
06/07/2022,1,N/A,1,1,1
06/06/2022,1,N/A,1,1,1
06/03/2022,1,N/A,1,1,1
06/02/2022,1,N/A,1,1,1
06/01/2022,1,N/A,1,1,1
05/31/2022,1,N/A,1,1,1
05/30/2022,1,N/A,1,1,1
05/27/2022,1,N/A,1,1,1
05/26/2022,1,N/A,1,1,1
05/25/2022,1,N/A,1,1,1
05/24/2022,1,N/A,1,1,1
05/23/2022,1,N/A,1,1,1
05/20/2022,1,N/A,1,1,1
05/19/2022,1,N/A,1,1,1
05/18/2022,1,N/A,1,1,1
05/17/2022,1,N/A,1,1,1
05/16/2022,1,N/A,1,1,1
05/13/2022,1,N/A,1,1,1
05/12/2022,1,N/A,1,1,1
05/11/2022,1,N/A,1,1,1
05/10/2022,1,N/A,1,1,1
05/09/2022,1,N/A,1,1,1
05/06/2022,1,N/A,1,1,1
05/05/2022,1,N/A,1,1,1
05/04/2022,0.5,N/A,0.5,0.5,0.5
05/03/2022,0.5,N/A,0.5,0.5,0.5
05/02/2022,0.5,N/A,0.5,0.5,0.5
04/29/2022,0.5,N/A,0.5,0.5,0.5
04/28/2022,0.5,N/A,0.5,0.5,0.5
04/27/2022,0.5,N/A,0.5,0.5,0.5
04/26/2022,0.5,N/A,0.5,0.5,0.5
04/25/2022,0.5,N/A,0.5,0.5,0.5
04/22/2022,0.5,N/A,0.5,0.5,0.5
04/21/2022,0.5,N/A,0.5,0.5,0.5
04/20/2022,0.5,N/A,0.5,0.5,0.5
04/19/2022,0.5,N/A,0.5,0.5,0.5
04/18/2022,0.5,N/A,0.5,0.5,0.5
04/15/2022,0.5,N/A,0.5,0.5,0.5
04/14/2022,0.5,N/A,0.5,0.5,0.5
04/13/2022,0.5,N/A,0.5,0.5,0.5
04/12/2022,0.5,N/A,0.5,0.5,0.5
04/11/2022,0.5,N/A,0.5,0.5,0.5
04/08/2022,0.5,N/A,0.5,0.5,0.5
04/07/2022,0.5,N/A,0.5,0.5,0.5
04/06/2022,0.5,N/A,0.5,0.5,0.5
04/05/2022,0.5,N/A,0.5,0.5,0.5
04/04/2022,0.5,N/A,0.5,0.5,0.5
04/01/2022,0.5,N/A,0.5,0.5,0.5
03/31/2022,0.5,N/A,0.5,0.5,0.5
03/30/2022,0.5,N/A,0.5,0.5,0.5
03/29/2022,0.5,N/A,0.5,0.5,0.5
03/28/2022,0.5,N/A,0.5,0.5,0.5
03/25/2022,0.5,N/A,0.5,0.5,0.5
03/24/2022,0.5,N/A,0.5,0.5,0.5
03/23/2022,0.5,N/A,0.5,0.5,0.5
03/22/2022,0.5,N/A,0.5,0.5,0.5
03/21/2022,0.5,N/A,0.5,0.5,0.5
03/18/2022,0.5,N/A,0.5,0.5,0.5
03/17/2022,0.5,N/A,0.5,0.5,0.5
03/16/2022,0.25,N/A,0.25,0.25,0.25
03/15/2022,0.25,N/A,0.25,0.25,0.25
03/14/2022,0.25,N/A,0.25,0.25,0.25
03/11/2022,0.25,N/A,0.25,0.25,0.25
03/10/2022,0.25,N/A,0.25,0.25,0.25
03/09/2022,0.25,N/A,0.25,0.25,0.25
03/08/2022,0.25,N/A,0.25,0.25,0.25
03/07/2022,0.25,N/A,0.25,0.25,0.25
03/04/2022,0.25,N/A,0.25,0.25,0.25
03/03/2022,0.25,N/A,0.25,0.25,0.25
03/02/2022,0.25,N/A,0.25,0.25,0.25
03/01/2022,0.25,N/A,0.25,0.25,0.25
02/28/2022,0.25,N/A,0.25,0.25,0.25
02/25/2022,0.25,N/A,0.25,0.25,0.25
02/24/2022,0.25,N/A,0.25,0.25,0.25
02/23/2022,0.25,N/A,0.25,0.25,0.25
02/22/2022,0.25,N/A,0.25,0.25,0.25
02/21/2022,0.25,N/A,0.25,0.25,0.25
02/18/2022,0.25,N/A,0.25,0.25,0.25
02/17/2022,0.25,N/A,0.25,0.25,0.25
02/16/2022,0.25,N/A,0.25,0.25,0.25
02/15/2022,0.25,N/A,0.25,0.25,0.25
02/14/2022,0.25,N/A,0.25,0.25,0.25
02/11/2022,0.25,N/A,0.25,0.25,0.25
02/10/2022,0.25,N/A,0.25,0.25,0.25
02/09/2022,0.25,N/A,0.25,0.25,0.25
02/08/2022,0.25,N/A,0.25,0.25,0.25
02/07/2022,0.25,N/A,0.25,0.25,0.25
02/04/2022,0.25,N/A,0.25,0.25,0.25
02/03/2022,0.25,N/A,0.25,0.25,0.25
02/02/2022,0.25,N/A,0.25,0.25,0.25
02/01/2022,0.25,N/A,0.25,0.25,0.25
01/31/2022,0.25,N/A,0.25,0.25,0.25
01/28/2022,0.25,N/A,0.25,0.25,0.25
01/27/2022,0.25,N/A,0.25,0.25,0.25
01/26/2022,0.25,N/A,0.25,0.25,0.25
01/25/2022,0.25,N/A,0.25,0.25,0.25
01/24/2022,0.25,N/A,0.25,0.25,0.25
01/21/2022,0.25,N/A,0.25,0.25,0.25
01/20/2022,0.25,N/A,0.25,0.25,0.25
01/19/2022,0.25,N/A,0.25,0.25,0.25
01/18/2022,0.25,N/A,0.25,0.25,0.25
01/17/2022,0.25,N/A,0.25,0.25,0.25
01/14/2022,0.25,N/A,0.25,0.25,0.25
01/13/2022,0.25,N/A,0.25,0.25,0.25
01/12/2022,0.25,N/A,0.25,0.25,0.25
01/11/2022,0.25,N/A,0.25,0.25,0.25
01/10/2022,0.25,N/A,0.25,0.25,0.25
01/07/2022,0.25,N/A,0.25,0.25,0.25
01/06/2022,0.25,N/A,0.25,0.25,0.25
01/05/2022,0.25,N/A,0.25,0.25,0.25
01/04/2022,0.25,N/A,0.25,0.25,0.25
01/03/2022,0.25,N/A,0.25,0.25,0.25
12/31/2021,0.25,N/A,0.25,0.25,0.25
12/30/2021,0.25,N/A,0.25,0.25,0.25
12/29/2021,0.25,N/A,0.25,0.25,0.25
12/28/2021,0.25,N/A,0.25,0.25,0.25
12/27/2021,0.25,N/A,0.25,0.25,0.25
12/24/2021,0.25,N/A,0.25,0.25,0.25
12/23/2021,0.25,N/A,0.25,0.25,0.25
12/22/2021,0.25,N/A,0.25,0.25,0.25
12/21/2021,0.25,N/A,0.25,0.25,0.25
12/20/2021,0.25,N/A,0.25,0.25,0.25
12/17/2021,0.25,N/A,0.25,0.25,0.25
12/16/2021,0.25,N/A,0.25,0.25,0.25
12/15/2021,0.25,N/A,0.25,0.25,0.25
12/14/2021,0.25,N/A,0.25,0.25,0.25
12/13/2021,0.25,N/A,0.25,0.25,0.25
12/10/2021,0.25,N/A,0.25,0.25,0.25
12/09/2021,0.25,N/A,0.25,0.25,0.25
12/08/2021,0.25,N/A,0.25,0.25,0.25
12/07/2021,0.25,N/A,0.25,0.25,0.25
12/06/2021,0.25,N/A,0.25,0.25,0.25
12/03/2021,0.25,N/A,0.25,0.25,0.25
12/02/2021,0.25,N/A,0.25,0.25,0.25
12/01/2021,0.25,N/A,0.25,0.25,0.25
11/30/2021,0.25,N/A,0.25,0.25,0.25
11/29/2021,0.25,N/A,0.25,0.25,0.25
11/26/2021,0.25,N/A,0.25,0.25,0.25
11/25/2021,0.25,N/A,0.25,0.25,0.25
11/24/2021,0.25,N/A,0.25,0.25,0.25
11/23/2021,0.25,N/A,0.25,0.25,0.25
11/22/2021,0.25,N/A,0.25,0.25,0.25
11/19/2021,0.25,N/A,0.25,0.25,0.25
11/18/2021,0.25,N/A,0.25,0.25,0.25
11/17/2021,0.25,N/A,0.25,0.25,0.25
11/16/2021,0.25,N/A,0.25,0.25,0.25
11/15/2021,0.25,N/A,0.25,0.25,0.25
11/12/2021,0.25,N/A,0.25,0.25,0.25
11/11/2021,0.25,N/A,0.25,0.25,0.25
11/10/2021,0.25,N/A,0.25,0.25,0.25
11/09/2021,0.25,N/A,0.25,0.25,0.25
11/08/2021,0.25,N/A,0.25,0.25,0.25
11/05/2021,0.25,N/A,0.25,0.25,0.25
11/04/2021,0.25,N/A,0.25,0.25,0.25
11/03/2021,0.25,N/A,0.25,0.25,0.25
11/02/2021,0.25,N/A,0.25,0.25,0.25
11/01/2021,0.25,N/A,0.25,0.25,0.25
10/29/2021,0.25,N/A,0.25,0.25,0.25
10/28/2021,0.25,N/A,0.25,0.25,0.25
10/27/2021,0.25,N/A,0.25,0.25,0.25
10/26/2021,0.25,N/A,0.25,0.25,0.25
10/25/2021,0.25,N/A,0.25,0.25,0.25
10/22/2021,0.25,N/A,0.25,0.25,0.25
10/21/2021,0.25,N/A,0.25,0.25,0.25
10/20/2021,0.25,N/A,0.25,0.25,0.25
10/19/2021,0.25,N/A,0.25,0.25,0.25
10/18/2021,0.25,N/A,0.25,0.25,0.25
10/15/2021,0.25,N/A,0.25,0.25,0.25
10/14/2021,0.25,N/A,0.25,0.25,0.25
10/13/2021,0.25,N/A,0.25,0.25,0.25
10/12/2021,0.25,N/A,0.25,0.25,0.25
10/11/2021,0.25,N/A,0.25,0.25,0.25
10/08/2021,0.25,N/A,0.25,0.25,0.25
10/07/2021,0.25,N/A,0.25,0.25,0.25
10/06/2021,0.25,N/A,0.25,0.25,0.25
10/05/2021,0.25,N/A,0.25,0.25,0.25
10/04/2021,0.25,N/A,0.25,0.25,0.25
10/01/2021,0.25,N/A,0.25,0.25,0.25
09/30/2021,0.25,N/A,0.25,0.25,0.25
09/29/2021,0.25,N/A,0.25,0.25,0.25
09/28/2021,0.25,N/A,0.25,0.25,0.25
09/27/2021,0.25,N/A,0.25,0.25,0.25
09/24/2021,0.25,N/A,0.25,0.25,0.25
09/23/2021,0.25,N/A,0.25,0.25,0.25
09/22/2021,0.25,N/A,0.25,0.25,0.25
09/21/2021,0.25,N/A,0.25,0.25,0.25
09/20/2021,0.25,N/A,0.25,0.25,0.25
09/17/2021,0.25,N/A,0.25,0.25,0.25
09/16/2021,0.25,N/A,0.25,0.25,0.25
09/15/2021,0.25,N/A,0.25,0.25,0.25
09/14/2021,0.25,N/A,0.25,0.25,0.25
09/13/2021,0.25,N/A,0.25,0.25,0.25
09/10/2021,0.25,N/A,0.25,0.25,0.25
09/09/2021,0.25,N/A,0.25,0.25,0.25
09/08/2021,0.25,N/A,0.25,0.25,0.25
09/07/2021,0.25,N/A,0.25,0.25,0.25
09/06/2021,0.25,N/A,0.25,0.25,0.25
09/03/2021,0.25,N/A,0.25,0.25,0.25
09/02/2021,0.25,N/A,0.25,0.25,0.25
09/01/2021,0.25,N/A,0.25,0.25,0.25
08/31/2021,0.25,N/A,0.25,0.25,0.25
08/30/2021,0.25,N/A,0.25,0.25,0.25
08/27/2021,0.25,N/A,0.25,0.25,0.25
08/26/2021,0.25,N/A,0.25,0.25,0.25
08/25/2021,0.25,N/A,0.25,0.25,0.25
08/24/2021,0.25,N/A,0.25,0.25,0.25
08/23/2021,0.25,N/A,0.25,0.25,0.25
08/20/2021,0.25,N/A,0.25,0.25,0.25
08/19/2021,0.25,N/A,0.25,0.25,0.25
08/18/2021,0.25,N/A,0.25,0.25,0.25
08/17/2021,0.25,N/A,0.25,0.25,0.25
08/16/2021,0.25,N/A,0.25,0.25,0.25
08/13/2021,0.25,N/A,0.25,0.25,0.25
08/12/2021,0.25,N/A,0.25,0.25,0.25
08/11/2021,0.25,N/A,0.25,0.25,0.25
08/10/2021,0.25,N/A,0.25,0.25,0.25
08/09/2021,0.25,N/A,0.25,0.25,0.25
08/06/2021,0.25,N/A,0.25,0.25,0.25
08/05/2021,0.25,N/A,0.25,0.25,0.25
08/04/2021,0.25,N/A,0.25,0.25,0.25
08/03/2021,0.25,N/A,0.25,0.25,0.25
08/02/2021,0.25,N/A,0.25,0.25,0.25
07/30/2021,0.25,N/A,0.25,0.25,0.25
07/29/2021,0.25,N/A,0.25,0.25,0.25
07/28/2021,0.25,N/A,0.25,0.25,0.25
07/27/2021,0.25,N/A,0.25,0.25,0.25
07/26/2021,0.25,N/A,0.25,0.25,0.25
07/23/2021,0.25,N/A,0.25,0.25,0.25
07/22/2021,0.25,N/A,0.25,0.25,0.25
07/21/2021,0.25,N/A,0.25,0.25,0.25
07/20/2021,0.25,N/A,0.25,0.25,0.25
07/19/2021,0.25,N/A,0.25,0.25,0.25
07/16/2021,0.25,N/A,0.25,0.25,0.25
07/15/2021,0.25,N/A,0.25,0.25,0.25
07/14/2021,0.25,N/A,0.25,0.25,0.25
07/13/2021,0.25,N/A,0.25,0.25,0.25
07/12/2021,0.25,N/A,0.25,0.25,0.25
07/09/2021,0.25,N/A,0.25,0.25,0.25
07/08/2021,0.25,N/A,0.25,0.25,0.25
07/07/2021,0.25,N/A,0.25,0.25,0.25
07/06/2021,0.25,N/A,0.25,0.25,0.25
07/05/2021,0.25,N/A,0.25,0.25,0.25
07/02/2021,0.25,N/A,0.25,0.25,0.25
07/01/2021,0.25,N/A,0.25,0.25,0.25
06/30/2021,0.25,N/A,0.25,0.25,0.25
06/29/2021,0.25,N/A,0.25,0.25,0.25
06/28/2021,0.25,N/A,0.25,0.25,0.25
06/25/2021,0.25,N/A,0.25,0.25,0.25
06/24/2021,0.25,N/A,0.25,0.25,0.25
06/23/2021,0.25,N/A,0.25,0.25,0.25
06/22/2021,0.25,N/A,0.25,0.25,0.25
06/21/2021,0.25,N/A,0.25,0.25,0.25
06/18/2021,0.25,N/A,0.25,0.25,0.25
06/17/2021,0.25,N/A,0.25,0.25,0.25
06/16/2021,0.25,N/A,0.25,0.25,0.25
06/15/2021,0.25,N/A,0.25,0.25,0.25
06/14/2021,0.25,N/A,0.25,0.25,0.25
06/11/2021,0.25,N/A,0.25,0.25,0.25
06/10/2021,0.25,N/A,0.25,0.25,0.25
06/09/2021,0.25,N/A,0.25,0.25,0.25
06/08/2021,0.25,N/A,0.25,0.25,0.25
06/07/2021,0.25,N/A,0.25,0.25,0.25
06/04/2021,0.25,N/A,0.25,0.25,0.25
06/03/2021,0.25,N/A,0.25,0.25,0.25
06/02/2021,0.25,N/A,0.25,0.25,0.25
06/01/2021,0.25,N/A,0.25,0.25,0.25
05/31/2021,0.25,N/A,0.25,0.25,0.25
05/28/2021,0.25,N/A,0.25,0.25,0.25
05/27/2021,0.25,N/A,0.25,0.25,0.25
05/26/2021,0.25,N/A,0.25,0.25,0.25
05/25/2021,0.25,N/A,0.25,0.25,0.25
05/24/2021,0.25,N/A,0.25,0.25,0.25
05/21/2021,0.25,N/A,0.25,0.25,0.25
05/20/2021,0.25,N/A,0.25,0.25,0.25
05/19/2021,0.25,N/A,0.25,0.25,0.25
05/18/2021,0.25,N/A,0.25,0.25,0.25
05/17/2021,0.25,N/A,0.25,0.25,0.25
05/14/2021,0.25,N/A,0.25,0.25,0.25
05/13/2021,0.25,N/A,0.25,0.25,0.25
05/12/2021,0.25,N/A,0.25,0.25,0.25
05/11/2021,0.25,N/A,0.25,0.25,0.25
05/10/2021,0.25,N/A,0.25,0.25,0.25
05/07/2021,0.25,N/A,0.25,0.25,0.25
05/06/2021,0.25,N/A,0.25,0.25,0.25
05/05/2021,0.25,N/A,0.25,0.25,0.25
05/04/2021,0.25,N/A,0.25,0.25,0.25
05/03/2021,0.25,N/A,0.25,0.25,0.25
04/30/2021,0.25,N/A,0.25,0.25,0.25
04/29/2021,0.25,N/A,0.25,0.25,0.25
04/28/2021,0.25,N/A,0.25,0.25,0.25
04/27/2021,0.25,N/A,0.25,0.25,0.25
04/26/2021,0.25,N/A,0.25,0.25,0.25
04/23/2021,0.25,N/A,0.25,0.25,0.25
04/22/2021,0.25,N/A,0.25,0.25,0.25
04/21/2021,0.25,N/A,0.25,0.25,0.25
04/20/2021,0.25,N/A,0.25,0.25,0.25
04/19/2021,0.25,N/A,0.25,0.25,0.25
04/16/2021,0.25,N/A,0.25,0.25,0.25
04/15/2021,0.25,N/A,0.25,0.25,0.25
04/14/2021,0.25,N/A,0.25,0.25,0.25
04/13/2021,0.25,N/A,0.25,0.25,0.25
04/12/2021,0.25,N/A,0.25,0.25,0.25
04/09/2021,0.25,N/A,0.25,0.25,0.25
04/08/2021,0.25,N/A,0.25,0.25,0.25
04/07/2021,0.25,N/A,0.25,0.25,0.25
04/06/2021,0.25,N/A,0.25,0.25,0.25
04/05/2021,0.25,N/A,0.25,0.25,0.25
04/02/2021,0.25,N/A,0.25,0.25,0.25
04/01/2021,0.25,N/A,0.25,0.25,0.25
03/31/2021,0.25,N/A,0.25,0.25,0.25
03/30/2021,0.25,N/A,0.25,0.25,0.25
03/29/2021,0.25,N/A,0.25,0.25,0.25
03/26/2021,0.25,N/A,0.25,0.25,0.25
03/25/2021,0.25,N/A,0.25,0.25,0.25
03/24/2021,0.25,N/A,0.25,0.25,0.25
03/23/2021,0.25,N/A,0.25,0.25,0.25
03/22/2021,0.25,N/A,0.25,0.25,0.25
03/19/2021,0.25,N/A,0.25,0.25,0.25
03/18/2021,0.25,N/A,0.25,0.25,0.25
03/17/2021,0.25,N/A,0.25,0.25,0.25
03/16/2021,0.25,N/A,0.25,0.25,0.25
03/15/2021,0.25,N/A,0.25,0.25,0.25
03/12/2021,0.25,N/A,0.25,0.25,0.25
03/11/2021,0.25,N/A,0.25,0.25,0.25
03/10/2021,0.25,N/A,0.25,0.25,0.25
03/09/2021,0.25,N/A,0.25,0.25,0.25
03/08/2021,0.25,N/A,0.25,0.25,0.25
03/05/2021,0.25,N/A,0.25,0.25,0.25
03/04/2021,0.25,N/A,0.25,0.25,0.25
03/03/2021,0.25,N/A,0.25,0.25,0.25
03/02/2021,0.25,N/A,0.25,0.25,0.25
03/01/2021,0.25,N/A,0.25,0.25,0.25
02/26/2021,0.25,N/A,0.25,0.25,0.25
02/25/2021,0.25,N/A,0.25,0.25,0.25
02/24/2021,0.25,N/A,0.25,0.25,0.25
02/23/2021,0.25,N/A,0.25,0.25,0.25
02/22/2021,0.25,N/A,0.25,0.25,0.25
02/19/2021,0.25,N/A,0.25,0.25,0.25
02/18/2021,0.25,N/A,0.25,0.25,0.25
02/17/2021,0.25,N/A,0.25,0.25,0.25
02/16/2021,0.25,N/A,0.25,0.25,0.25
02/15/2021,0.25,N/A,0.25,0.25,0.25
02/12/2021,0.25,N/A,0.25,0.25,0.25
02/11/2021,0.25,N/A,0.25,0.25,0.25
02/10/2021,0.25,N/A,0.25,0.25,0.25
02/09/2021,0.25,N/A,0.25,0.25,0.25
02/08/2021,0.25,N/A,0.25,0.25,0.25
02/05/2021,0.25,N/A,0.25,0.25,0.25
02/04/2021,0.25,N/A,0.25,0.25,0.25
02/03/2021,0.25,N/A,0.25,0.25,0.25
02/02/2021,0.25,N/A,0.25,0.25,0.25
02/01/2021,0.25,N/A,0.25,0.25,0.25
01/29/2021,0.25,N/A,0.25,0.25,0.25
01/28/2021,0.25,N/A,0.25,0.25,0.25
01/27/2021,0.25,N/A,0.25,0.25,0.25
01/26/2021,0.25,N/A,0.25,0.25,0.25
01/25/2021,0.25,N/A,0.25,0.25,0.25
01/22/2021,0.25,N/A,0.25,0.25,0.25
01/21/2021,0.25,N/A,0.25,0.25,0.25
01/20/2021,0.25,N/A,0.25,0.25,0.25
01/19/2021,0.25,N/A,0.25,0.25,0.25
01/18/2021,0.25,N/A,0.25,0.25,0.25
01/15/2021,0.25,N/A,0.25,0.25,0.25
01/14/2021,0.25,N/A,0.25,0.25,0.25
01/13/2021,0.25,N/A,0.25,0.25,0.25
01/12/2021,0.25,N/A,0.25,0.25,0.25
01/11/2021,0.25,N/A,0.25,0.25,0.25
01/08/2021,0.25,N/A,0.25,0.25,0.25
01/07/2021,0.25,N/A,0.25,0.25,0.25
01/06/2021,0.25,N/A,0.25,0.25,0.25
01/05/2021,0.25,N/A,0.25,0.25,0.25
01/04/2021,0.25,N/A,0.25,0.25,0.25
01/01/2021,0.25,N/A,0.25,0.25,0.25
12/31/2020,0.25,N/A,0.25,0.25,0.25
12/30/2020,0.25,N/A,0.25,0.25,0.25
12/29/2020,0.25,N/A,0.25,0.25,0.25
12/28/2020,0.25,N/A,0.25,0.25,0.25
12/25/2020,0.25,N/A,0.25,0.25,0.25
12/24/2020,0.25,N/A,0.25,0.25,0.25
12/23/2020,0.25,N/A,0.25,0.25,0.25
12/22/2020,0.25,N/A,0.25,0.25,0.25
12/21/2020,0.25,N/A,0.25,0.25,0.25
12/18/2020,0.25,N/A,0.25,0.25,0.25
12/17/2020,0.25,N/A,0.25,0.25,0.25
12/16/2020,0.25,N/A,0.25,0.25,0.25
12/15/2020,0.25,N/A,0.25,0.25,0.25
12/14/2020,0.25,N/A,0.25,0.25,0.25
12/11/2020,0.25,N/A,0.25,0.25,0.25
12/10/2020,0.25,N/A,0.25,0.25,0.25
12/09/2020,0.25,N/A,0.25,0.25,0.25
12/08/2020,0.25,N/A,0.25,0.25,0.25
12/07/2020,0.25,N/A,0.25,0.25,0.25
12/04/2020,0.25,N/A,0.25,0.25,0.25
12/03/2020,0.25,N/A,0.25,0.25,0.25
12/02/2020,0.25,N/A,0.25,0.25,0.25
12/01/2020,0.25,N/A,0.25,0.25,0.25
11/30/2020,0.25,N/A,0.25,0.25,0.25
11/27/2020,0.25,N/A,0.25,0.25,0.25
11/26/2020,0.25,N/A,0.25,0.25,0.25
11/25/2020,0.25,N/A,0.25,0.25,0.25
11/24/2020,0.25,N/A,0.25,0.25,0.25
11/23/2020,0.25,N/A,0.25,0.25,0.25
11/20/2020,0.25,N/A,0.25,0.25,0.25
11/19/2020,0.25,N/A,0.25,0.25,0.25
11/18/2020,0.25,N/A,0.25,0.25,0.25
11/17/2020,0.25,N/A,0.25,0.25,0.25
11/16/2020,0.25,N/A,0.25,0.25,0.25
11/13/2020,0.25,N/A,0.25,0.25,0.25
11/12/2020,0.25,N/A,0.25,0.25,0.25
11/11/2020,0.25,N/A,0.25,0.25,0.25
11/10/2020,0.25,N/A,0.25,0.25,0.25
11/09/2020,0.25,N/A,0.25,0.25,0.25
11/06/2020,0.25,N/A,0.25,0.25,0.25
11/05/2020,0.25,N/A,0.25,0.25,0.25
11/04/2020,0.25,N/A,0.25,0.25,0.25
11/03/2020,0.25,N/A,0.25,0.25,0.25
11/02/2020,0.25,N/A,0.25,0.25,0.25
10/30/2020,0.25,N/A,0.25,0.25,0.25
10/29/2020,0.25,N/A,0.25,0.25,0.25
10/28/2020,0.25,N/A,0.25,0.25,0.25
10/27/2020,0.25,N/A,0.25,0.25,0.25
10/26/2020,0.25,N/A,0.25,0.25,0.25
10/23/2020,0.25,N/A,0.25,0.25,0.25
10/22/2020,0.25,N/A,0.25,0.25,0.25
10/21/2020,0.25,N/A,0.25,0.25,0.25
10/20/2020,0.25,N/A,0.25,0.25,0.25
10/19/2020,0.25,N/A,0.25,0.25,0.25
10/16/2020,0.25,N/A,0.25,0.25,0.25
10/15/2020,0.25,N/A,0.25,0.25,0.25
10/14/2020,0.25,N/A,0.25,0.25,0.25
10/13/2020,0.25,N/A,0.25,0.25,0.25
10/12/2020,0.25,N/A,0.25,0.25,0.25
10/09/2020,0.25,N/A,0.25,0.25,0.25
10/08/2020,0.25,N/A,0.25,0.25,0.25
10/07/2020,0.25,N/A,0.25,0.25,0.25
10/06/2020,0.25,N/A,0.25,0.25,0.25
10/05/2020,0.25,N/A,0.25,0.25,0.25
10/02/2020,0.25,N/A,0.25,0.25,0.25
10/01/2020,0.25,N/A,0.25,0.25,0.25
09/30/2020,0.25,N/A,0.25,0.25,0.25
09/29/2020,0.25,N/A,0.25,0.25,0.25
09/28/2020,0.25,N/A,0.25,0.25,0.25
09/25/2020,0.25,N/A,0.25,0.25,0.25
09/24/2020,0.25,N/A,0.25,0.25,0.25
09/23/2020,0.25,N/A,0.25,0.25,0.25
09/22/2020,0.25,N/A,0.25,0.25,0.25
09/21/2020,0.25,N/A,0.25,0.25,0.25
09/18/2020,0.25,N/A,0.25,0.25,0.25
09/17/2020,0.25,N/A,0.25,0.25,0.25
09/16/2020,0.25,N/A,0.25,0.25,0.25
09/15/2020,0.25,N/A,0.25,0.25,0.25
09/14/2020,0.25,N/A,0.25,0.25,0.25
09/11/2020,0.25,N/A,0.25,0.25,0.25
09/10/2020,0.25,N/A,0.25,0.25,0.25
09/09/2020,0.25,N/A,0.25,0.25,0.25
09/08/2020,0.25,N/A,0.25,0.25,0.25
09/07/2020,0.25,N/A,0.25,0.25,0.25
09/04/2020,0.25,N/A,0.25,0.25,0.25
09/03/2020,0.25,N/A,0.25,0.25,0.25
09/02/2020,0.25,N/A,0.25,0.25,0.25
09/01/2020,0.25,N/A,0.25,0.25,0.25
08/31/2020,0.25,N/A,0.25,0.25,0.25
08/28/2020,0.25,N/A,0.25,0.25,0.25
08/27/2020,0.25,N/A,0.25,0.25,0.25
08/26/2020,0.25,N/A,0.25,0.25,0.25
08/25/2020,0.25,N/A,0.25,0.25,0.25
08/24/2020,0.25,N/A,0.25,0.25,0.25
08/21/2020,0.25,N/A,0.25,0.25,0.25
08/20/2020,0.25,N/A,0.25,0.25,0.25
08/19/2020,0.25,N/A,0.25,0.25,0.25
08/18/2020,0.25,N/A,0.25,0.25,0.25
08/17/2020,0.25,N/A,0.25,0.25,0.25
08/14/2020,0.25,N/A,0.25,0.25,0.25
08/13/2020,0.25,N/A,0.25,0.25,0.25
08/12/2020,0.25,N/A,0.25,0.25,0.25
08/11/2020,0.25,N/A,0.25,0.25,0.25
08/10/2020,0.25,N/A,0.25,0.25,0.25
08/07/2020,0.25,N/A,0.25,0.25,0.25
08/06/2020,0.25,N/A,0.25,0.25,0.25
08/05/2020,0.25,N/A,0.25,0.25,0.25
08/04/2020,0.25,N/A,0.25,0.25,0.25
08/03/2020,0.25,N/A,0.25,0.25,0.25
07/31/2020,0.25,N/A,0.25,0.25,0.25
07/30/2020,0.25,N/A,0.25,0.25,0.25
07/29/2020,0.25,N/A,0.25,0.25,0.25
07/28/2020,0.25,N/A,0.25,0.25,0.25
07/27/2020,0.25,N/A,0.25,0.25,0.25
07/24/2020,0.25,N/A,0.25,0.25,0.25
07/23/2020,0.25,N/A,0.25,0.25,0.25
07/22/2020,0.25,N/A,0.25,0.25,0.25
07/21/2020,0.25,N/A,0.25,0.25,0.25
07/20/2020,0.25,N/A,0.25,0.25,0.25
07/17/2020,0.25,N/A,0.25,0.25,0.25
07/16/2020,0.25,N/A,0.25,0.25,0.25
07/15/2020,0.25,N/A,0.25,0.25,0.25
07/14/2020,0.25,N/A,0.25,0.25,0.25
07/13/2020,0.25,N/A,0.25,0.25,0.25
07/10/2020,0.25,N/A,0.25,0.25,0.25
07/09/2020,0.25,N/A,0.25,0.25,0.25
07/08/2020,0.25,N/A,0.25,0.25,0.25
07/07/2020,0.25,N/A,0.25,0.25,0.25
07/06/2020,0.25,N/A,0.25,0.25,0.25
07/03/2020,0.25,N/A,0.25,0.25,0.25
07/02/2020,0.25,N/A,0.25,0.25,0.25
07/01/2020,0.25,N/A,0.25,0.25,0.25
06/30/2020,0.25,N/A,0.25,0.25,0.25
06/29/2020,0.25,N/A,0.25,0.25,0.25
06/26/2020,0.25,N/A,0.25,0.25,0.25
06/25/2020,0.25,N/A,0.25,0.25,0.25
06/24/2020,0.25,N/A,0.25,0.25,0.25
06/23/2020,0.25,N/A,0.25,0.25,0.25
06/22/2020,0.25,N/A,0.25,0.25,0.25
06/19/2020,0.25,N/A,0.25,0.25,0.25
06/18/2020,0.25,N/A,0.25,0.25,0.25
06/17/2020,0.25,N/A,0.25,0.25,0.25
06/16/2020,0.25,N/A,0.25,0.25,0.25
06/15/2020,0.25,N/A,0.25,0.25,0.25
06/12/2020,0.25,N/A,0.25,0.25,0.25
06/11/2020,0.25,N/A,0.25,0.25,0.25
06/10/2020,0.25,N/A,0.25,0.25,0.25
06/09/2020,0.25,N/A,0.25,0.25,0.25
06/08/2020,0.25,N/A,0.25,0.25,0.25
06/05/2020,0.25,N/A,0.25,0.25,0.25
06/04/2020,0.25,N/A,0.25,0.25,0.25
06/03/2020,0.25,N/A,0.25,0.25,0.25
06/02/2020,0.25,N/A,0.25,0.25,0.25
06/01/2020,0.25,N/A,0.25,0.25,0.25
05/29/2020,0.25,N/A,0.25,0.25,0.25
05/28/2020,0.25,N/A,0.25,0.25,0.25
05/27/2020,0.25,N/A,0.25,0.25,0.25
05/26/2020,0.25,N/A,0.25,0.25,0.25
05/25/2020,0.25,N/A,0.25,0.25,0.25
05/22/2020,0.25,N/A,0.25,0.25,0.25
05/21/2020,0.25,N/A,0.25,0.25,0.25
05/20/2020,0.25,N/A,0.25,0.25,0.25
05/19/2020,0.25,N/A,0.25,0.25,0.25
05/18/2020,0.25,N/A,0.25,0.25,0.25
05/15/2020,0.25,N/A,0.25,0.25,0.25
05/14/2020,0.25,N/A,0.25,0.25,0.25
05/13/2020,0.25,N/A,0.25,0.25,0.25
05/12/2020,0.25,N/A,0.25,0.25,0.25
05/11/2020,0.25,N/A,0.25,0.25,0.25
05/08/2020,0.25,N/A,0.25,0.25,0.25
05/07/2020,0.25,N/A,0.25,0.25,0.25
05/06/2020,0.25,N/A,0.25,0.25,0.25
05/05/2020,0.25,N/A,0.25,0.25,0.25
05/04/2020,0.25,N/A,0.25,0.25,0.25
05/01/2020,0.25,N/A,0.25,0.25,0.25
04/30/2020,0.25,N/A,0.25,0.25,0.25
04/29/2020,0.25,N/A,0.25,0.25,0.25
04/28/2020,0.25,N/A,0.25,0.25,0.25
04/27/2020,0.25,N/A,0.25,0.25,0.25
04/24/2020,0.25,N/A,0.25,0.25,0.25
04/23/2020,0.25,N/A,0.25,0.25,0.25
04/22/2020,0.25,N/A,0.25,0.25,0.25
04/21/2020,0.25,N/A,0.25,0.25,0.25
04/20/2020,0.25,N/A,0.25,0.25,0.25
04/17/2020,0.25,N/A,0.25,0.25,0.25
04/16/2020,0.25,N/A,0.25,0.25,0.25
04/15/2020,0.25,N/A,0.25,0.25,0.25
04/14/2020,0.25,N/A,0.25,0.25,0.25
04/13/2020,0.25,N/A,0.25,0.25,0.25
04/10/2020,0.25,N/A,0.25,0.25,0.25
04/09/2020,0.25,N/A,0.25,0.25,0.25
04/08/2020,0.25,N/A,0.25,0.25,0.25
04/07/2020,0.25,N/A,0.25,0.25,0.25
04/06/2020,0.25,N/A,0.25,0.25,0.25
04/03/2020,0.25,N/A,0.25,0.25,0.25
04/02/2020,0.25,N/A,0.25,0.25,0.25
04/01/2020,0.25,N/A,0.25,0.25,0.25
03/31/2020,0.25,N/A,0.25,0.25,0.25
03/30/2020,0.25,N/A,0.25,0.25,0.25
03/27/2020,0.25,N/A,0.25,0.25,0.25
03/26/2020,0.25,N/A,0.25,0.25,0.25
03/25/2020,0.25,N/A,0.25,0.25,0.25
03/24/2020,0.25,N/A,0.25,0.25,0.25
03/23/2020,0.25,N/A,0.25,0.25,0.25
03/20/2020,0.25,N/A,0.25,0.25,0.25
03/19/2020,0.25,N/A,0.25,0.25,0.25
03/18/2020,0.25,N/A,0.25,0.25,0.25
03/17/2020,0.25,N/A,0.25,0.25,0.25
03/16/2020,0.25,N/A,0.25,0.25,0.25
03/13/2020,1.75,N/A,1.75,1.75,1.75
03/12/2020,1.75,N/A,1.75,1.75,1.75
03/11/2020,1.75,N/A,1.75,1.75,1.75
03/10/2020,1.75,N/A,1.75,1.75,1.75
03/09/2020,1.75,N/A,1.75,1.75,1.75
03/06/2020,1.75,N/A,1.75,1.75,1.75
03/05/2020,1.75,N/A,1.75,1.75,1.75
03/04/2020,1.75,N/A,1.75,1.75,1.75
03/03/2020,2.25,N/A,2.25,2.25,2.25
03/02/2020,2.25,N/A,2.25,2.25,2.25
02/28/2020,2.25,N/A,2.25,2.25,2.25
02/27/2020,2.25,N/A,2.25,2.25,2.25
02/26/2020,2.25,N/A,2.25,2.25,2.25
02/25/2020,2.25,N/A,2.25,2.25,2.25
02/24/2020,2.25,N/A,2.25,2.25,2.25
02/21/2020,2.25,N/A,2.25,2.25,2.25
02/20/2020,2.25,N/A,2.25,2.25,2.25
02/19/2020,2.25,N/A,2.25,2.25,2.25
02/18/2020,2.25,N/A,2.25,2.25,2.25
02/17/2020,2.25,N/A,2.25,2.25,2.25
02/14/2020,2.25,N/A,2.25,2.25,2.25
02/13/2020,2.25,N/A,2.25,2.25,2.25
02/12/2020,2.25,N/A,2.25,2.25,2.25
02/11/2020,2.25,N/A,2.25,2.25,2.25
02/10/2020,2.25,N/A,2.25,2.25,2.25
02/07/2020,2.25,N/A,2.25,2.25,2.25
02/06/2020,2.25,N/A,2.25,2.25,2.25
02/05/2020,2.25,N/A,2.25,2.25,2.25
02/04/2020,2.25,N/A,2.25,2.25,2.25
02/03/2020,2.25,N/A,2.25,2.25,2.25
01/31/2020,2.25,N/A,2.25,2.25,2.25
01/30/2020,2.25,N/A,2.25,2.25,2.25
01/29/2020,2.25,N/A,2.25,2.25,2.25
01/28/2020,2.25,N/A,2.25,2.25,2.25
01/27/2020,2.25,N/A,2.25,2.25,2.25
01/24/2020,2.25,N/A,2.25,2.25,2.25
01/23/2020,2.25,N/A,2.25,2.25,2.25
01/22/2020,2.25,N/A,2.25,2.25,2.25
01/21/2020,2.25,N/A,2.25,2.25,2.25
01/20/2020,2.25,N/A,2.25,2.25,2.25
01/17/2020,2.25,N/A,2.25,2.25,2.25
01/16/2020,2.25,N/A,2.25,2.25,2.25
01/15/2020,2.25,N/A,2.25,2.25,2.25
01/14/2020,2.25,N/A,2.25,2.25,2.25
01/13/2020,2.25,N/A,2.25,2.25,2.25
01/10/2020,2.25,N/A,2.25,2.25,2.25
01/09/2020,2.25,N/A,2.25,2.25,2.25
01/08/2020,2.25,N/A,2.25,2.25,2.25
01/07/2020,2.25,N/A,2.25,2.25,2.25
01/06/2020,2.25,N/A,2.25,2.25,2.25
01/03/2020,2.25,N/A,2.25,2.25,2.25
01/02/2020,2.25,N/A,2.25,2.25,2.25
01/01/2020,2.25,N/A,2.25,2.25,2.25
12/31/2019,2.25,N/A,2.25,2.25,2.25
12/30/2019,2.25,N/A,2.25,2.25,2.25
12/27/2019,2.25,N/A,2.25,2.25,2.25
12/26/2019,2.25,N/A,2.25,2.25,2.25
12/25/2019,2.25,N/A,2.25,2.25,2.25
12/24/2019,2.25,N/A,2.25,2.25,2.25
12/23/2019,2.25,N/A,2.25,2.25,2.25
12/20/2019,2.25,N/A,2.25,2.25,2.25
12/19/2019,2.25,N/A,2.25,2.25,2.25
12/18/2019,2.25,N/A,2.25,2.25,2.25
12/17/2019,2.25,N/A,2.25,2.25,2.25
12/16/2019,2.25,N/A,2.25,2.25,2.25
12/13/2019,2.25,N/A,2.25,2.25,2.25
12/12/2019,2.25,N/A,2.25,2.25,2.25
12/11/2019,2.25,N/A,2.25,2.25,2.25
12/10/2019,2.25,N/A,2.25,2.25,2.25
12/09/2019,2.25,N/A,2.25,2.25,2.25
12/06/2019,2.25,N/A,2.25,2.25,2.25
12/05/2019,2.25,N/A,2.25,2.25,2.25
12/04/2019,2.25,N/A,2.25,2.25,2.25
12/03/2019,2.25,N/A,2.25,2.25,2.25
12/02/2019,2.25,N/A,2.25,2.25,2.25
11/29/2019,2.25,N/A,2.25,2.25,2.25
11/28/2019,2.25,N/A,2.25,2.25,2.25
11/27/2019,2.25,N/A,2.25,2.25,2.25
11/26/2019,2.25,N/A,2.25,2.25,2.25
11/25/2019,2.25,N/A,2.25,2.25,2.25
11/22/2019,2.25,N/A,2.25,2.25,2.25
11/21/2019,2.25,N/A,2.25,2.25,2.25
11/20/2019,2.25,N/A,2.25,2.25,2.25
11/19/2019,2.25,N/A,2.25,2.25,2.25
11/18/2019,2.25,N/A,2.25,2.25,2.25
11/15/2019,2.25,N/A,2.25,2.25,2.25
11/14/2019,2.25,N/A,2.25,2.25,2.25
11/13/2019,2.25,N/A,2.25,2.25,2.25
11/12/2019,2.25,N/A,2.25,2.25,2.25
11/11/2019,2.25,N/A,2.25,2.25,2.25
11/08/2019,2.25,N/A,2.25,2.25,2.25
11/07/2019,2.25,N/A,2.25,2.25,2.25
11/06/2019,2.25,N/A,2.25,2.25,2.25
11/05/2019,2.25,N/A,2.25,2.25,2.25
11/04/2019,2.25,N/A,2.25,2.25,2.25
11/01/2019,2.25,N/A,2.25,2.25,2.25
10/31/2019,2.25,N/A,2.25,2.25,2.25
10/30/2019,2.5,N/A,2.5,2.5,2.5
10/29/2019,2.5,N/A,2.5,2.5,2.5
10/28/2019,2.5,N/A,2.5,2.5,2.5
10/25/2019,2.5,N/A,2.5,2.5,2.5
10/24/2019,2.5,N/A,2.5,2.5,2.5
10/23/2019,2.5,N/A,2.5,2.5,2.5
10/22/2019,2.5,N/A,2.5,2.5,2.5
10/21/2019,2.5,N/A,2.5,2.5,2.5
10/18/2019,2.5,N/A,2.5,2.5,2.5
10/17/2019,2.5,N/A,2.5,2.5,2.5
10/16/2019,2.5,N/A,2.5,2.5,2.5
10/15/2019,2.5,N/A,2.5,2.5,2.5
10/14/2019,2.5,N/A,2.5,2.5,2.5
10/11/2019,2.5,N/A,2.5,2.5,2.5
10/10/2019,2.5,N/A,2.5,2.5,2.5
10/09/2019,2.5,N/A,2.5,2.5,2.5
10/08/2019,2.5,N/A,2.5,2.5,2.5
10/07/2019,2.5,N/A,2.5,2.5,2.5
10/04/2019,2.5,N/A,2.5,2.5,2.5
10/03/2019,2.5,N/A,2.5,2.5,2.5
10/02/2019,2.5,N/A,2.5,2.5,2.5
10/01/2019,2.5,N/A,2.5,2.5,2.5
09/30/2019,2.5,N/A,2.5,2.5,2.5
09/27/2019,2.5,N/A,2.5,2.5,2.5
09/26/2019,2.5,N/A,2.5,2.5,2.5
09/25/2019,2.5,N/A,2.5,2.5,2.5
09/24/2019,2.5,N/A,2.5,2.5,2.5
09/23/2019,2.5,N/A,2.5,2.5,2.5
09/20/2019,2.5,N/A,2.5,2.5,2.5
09/19/2019,2.5,N/A,2.5,2.5,2.5
09/18/2019,2.75,N/A,2.75,2.75,2.75
09/17/2019,2.75,N/A,2.75,2.75,2.75
09/16/2019,2.75,N/A,2.75,2.75,2.75
09/13/2019,2.75,N/A,2.75,2.75,2.75
09/12/2019,2.75,N/A,2.75,2.75,2.75
09/11/2019,2.75,N/A,2.75,2.75,2.75
09/10/2019,2.75,N/A,2.75,2.75,2.75
09/09/2019,2.75,N/A,2.75,2.75,2.75
09/06/2019,2.75,N/A,2.75,2.75,2.75
09/05/2019,2.75,N/A,2.75,2.75,2.75
09/04/2019,2.75,N/A,2.75,2.75,2.75
09/03/2019,2.75,N/A,2.75,2.75,2.75
09/02/2019,2.75,N/A,2.75,2.75,2.75
08/30/2019,2.75,N/A,2.75,2.75,2.75
08/29/2019,2.75,N/A,2.75,2.75,2.75
08/28/2019,2.75,N/A,2.75,2.75,2.75
08/27/2019,2.75,N/A,2.75,2.75,2.75
08/26/2019,2.75,N/A,2.75,2.75,2.75
08/23/2019,2.75,N/A,2.75,2.75,2.75
08/22/2019,2.75,N/A,2.75,2.75,2.75
08/21/2019,2.75,N/A,2.75,2.75,2.75
08/20/2019,2.75,N/A,2.75,2.75,2.75
08/19/2019,2.75,N/A,2.75,2.75,2.75
08/16/2019,2.75,N/A,2.75,2.75,2.75
08/15/2019,2.75,N/A,2.75,2.75,2.75
08/14/2019,2.75,N/A,2.75,2.75,2.75
08/13/2019,2.75,N/A,2.75,2.75,2.75
08/12/2019,2.75,N/A,2.75,2.75,2.75
08/09/2019,2.75,N/A,2.75,2.75,2.75
08/08/2019,2.75,N/A,2.75,2.75,2.75
08/07/2019,2.75,N/A,2.75,2.75,2.75
08/06/2019,2.75,N/A,2.75,2.75,2.75
08/05/2019,2.75,N/A,2.75,2.75,2.75
08/02/2019,2.75,N/A,2.75,2.75,2.75
08/01/2019,2.75,N/A,2.75,2.75,2.75
07/31/2019,3,N/A,3,3,3
07/30/2019,3,N/A,3,3,3
07/29/2019,3,N/A,3,3,3
07/26/2019,3,N/A,3,3,3
07/25/2019,3,N/A,3,3,3
07/24/2019,3,N/A,3,3,3
07/23/2019,3,N/A,3,3,3
07/22/2019,3,N/A,3,3,3
07/19/2019,3,N/A,3,3,3
07/18/2019,3,N/A,3,3,3
07/17/2019,3,N/A,3,3,3
07/16/2019,3,N/A,3,3,3
07/15/2019,3,N/A,3,3,3
07/12/2019,3,N/A,3,3,3
07/11/2019,3,N/A,3,3,3
07/10/2019,3,N/A,3,3,3
07/09/2019,3,N/A,3,3,3
07/08/2019,3,N/A,3,3,3
07/05/2019,3,N/A,3,3,3
07/04/2019,3,N/A,3,3,3
07/03/2019,3,N/A,3,3,3
07/02/2019,3,N/A,3,3,3
07/01/2019,3,N/A,3,3,3
06/28/2019,3,N/A,3,3,3
06/27/2019,3,N/A,3,3,3
06/26/2019,3,N/A,3,3,3
06/25/2019,3,N/A,3,3,3
06/24/2019,3,N/A,3,3,3
06/21/2019,3,N/A,3,3,3
06/20/2019,3,N/A,3,3,3
06/19/2019,3,N/A,3,3,3
06/18/2019,3,N/A,3,3,3
06/17/2019,3,N/A,3,3,3
06/14/2019,3,N/A,3,3,3
06/13/2019,3,N/A,3,3,3
06/12/2019,3,N/A,3,3,3
06/11/2019,3,N/A,3,3,3
06/10/2019,3,N/A,3,3,3
06/07/2019,3,N/A,3,3,3
06/06/2019,3,N/A,3,3,3
06/05/2019,3,N/A,3,3,3
06/04/2019,3,N/A,3,3,3
06/03/2019,3,N/A,3,3,3
05/31/2019,3,N/A,3,3,3
05/30/2019,3,N/A,3,3,3
05/29/2019,3,N/A,3,3,3
05/28/2019,3,N/A,3,3,3
05/27/2019,3,N/A,3,3,3
05/24/2019,3,N/A,3,3,3
05/23/2019,3,N/A,3,3,3
05/22/2019,3,N/A,3,3,3
05/21/2019,3,N/A,3,3,3
05/20/2019,3,N/A,3,3,3
05/17/2019,3,N/A,3,3,3
05/16/2019,3,N/A,3,3,3
05/15/2019,3,N/A,3,3,3
05/14/2019,3,N/A,3,3,3
05/13/2019,3,N/A,3,3,3
05/10/2019,3,N/A,3,3,3
05/09/2019,3,N/A,3,3,3
05/08/2019,3,N/A,3,3,3
05/07/2019,3,N/A,3,3,3
05/06/2019,3,N/A,3,3,3
05/03/2019,3,N/A,3,3,3
05/02/2019,3,N/A,3,3,3
05/01/2019,3,N/A,3,3,3
04/30/2019,3,N/A,3,3,3
04/29/2019,3,N/A,3,3,3
04/26/2019,3,N/A,3,3,3
04/25/2019,3,N/A,3,3,3
04/24/2019,3,N/A,3,3,3
04/23/2019,3,N/A,3,3,3
04/22/2019,3,N/A,3,3,3
04/19/2019,3,N/A,3,3,3
04/18/2019,3,N/A,3,3,3
04/17/2019,3,N/A,3,3,3
04/16/2019,3,N/A,3,3,3
04/15/2019,3,N/A,3,3,3
04/12/2019,3,N/A,3,3,3
04/11/2019,3,N/A,3,3,3
04/10/2019,3,N/A,3,3,3
04/09/2019,3,N/A,3,3,3
04/08/2019,3,N/A,3,3,3
04/05/2019,3,N/A,3,3,3
04/04/2019,3,N/A,3,3,3
04/03/2019,3,N/A,3,3,3
04/02/2019,3,N/A,3,3,3
04/01/2019,3,N/A,3,3,3
03/29/2019,3,N/A,3,3,3
03/28/2019,3,N/A,3,3,3
03/27/2019,3,N/A,3,3,3
03/26/2019,3,N/A,3,3,3
03/25/2019,3,N/A,3,3,3
03/22/2019,3,N/A,3,3,3
03/21/2019,3,N/A,3,3,3
03/20/2019,3,N/A,3,3,3
03/19/2019,3,N/A,3,3,3
03/18/2019,3,N/A,3,3,3
03/15/2019,3,N/A,3,3,3
03/14/2019,3,N/A,3,3,3
03/13/2019,3,N/A,3,3,3
03/12/2019,3,N/A,3,3,3
03/11/2019,3,N/A,3,3,3
03/08/2019,3,N/A,3,3,3
03/07/2019,3,N/A,3,3,3
03/06/2019,3,N/A,3,3,3
03/05/2019,3,N/A,3,3,3
03/04/2019,3,N/A,3,3,3
03/01/2019,3,N/A,3,3,3
02/28/2019,3,N/A,3,3,3
02/27/2019,3,N/A,3,3,3
02/26/2019,3,N/A,3,3,3
02/25/2019,3,N/A,3,3,3
02/22/2019,3,N/A,3,3,3
02/21/2019,3,N/A,3,3,3
02/20/2019,3,N/A,3,3,3
02/19/2019,3,N/A,3,3,3
02/18/2019,3,N/A,3,3,3
02/15/2019,3,N/A,3,3,3
02/14/2019,3,N/A,3,3,3
02/13/2019,3,N/A,3,3,3
02/12/2019,3,N/A,3,3,3
02/11/2019,3,N/A,3,3,3
02/08/2019,3,N/A,3,3,3
02/07/2019,3,N/A,3,3,3
02/06/2019,3,N/A,3,3,3
02/05/2019,3,N/A,3,3,3
02/04/2019,3,N/A,3,3,3
02/01/2019,3,N/A,3,3,3
01/31/2019,3,N/A,3,3,3
01/30/2019,3,N/A,3,3,3
01/29/2019,3,N/A,3,3,3
01/28/2019,3,N/A,3,3,3
01/25/2019,3,N/A,3,3,3
01/24/2019,3,N/A,3,3,3
01/23/2019,3,N/A,3,3,3
01/22/2019,3,N/A,3,3,3
01/21/2019,3,N/A,3,3,3
01/18/2019,3,N/A,3,3,3
01/17/2019,3,N/A,3,3,3
01/16/2019,3,N/A,3,3,3
01/15/2019,3,N/A,3,3,3
01/14/2019,3,N/A,3,3,3
01/11/2019,3,N/A,3,3,3
01/10/2019,3,N/A,3,3,3
01/09/2019,3,N/A,3,3,3
01/08/2019,3,N/A,3,3,3
01/07/2019,3,N/A,3,3,3
01/04/2019,3,N/A,3,3,3
01/03/2019,3,N/A,3,3,3
01/02/2019,3,N/A,3,3,3
01/01/2019,3,N/A,3,3,3
12/31/2018,3,N/A,3,3,3
12/28/2018,3,N/A,3,3,3
12/27/2018,3,N/A,3,3,3
12/26/2018,3,N/A,3,3,3
12/25/2018,3,N/A,3,3,3
12/24/2018,3,N/A,3,3,3
12/21/2018,3,N/A,3,3,3
12/20/2018,3,N/A,3,3,3
12/19/2018,2.75,N/A,2.75,2.75,2.75
12/18/2018,2.75,N/A,2.75,2.75,2.75
12/17/2018,2.75,N/A,2.75,2.75,2.75
12/14/2018,2.75,N/A,2.75,2.75,2.75
12/13/2018,2.75,N/A,2.75,2.75,2.75
12/12/2018,2.75,N/A,2.75,2.75,2.75
12/11/2018,2.75,N/A,2.75,2.75,2.75
12/10/2018,2.75,N/A,2.75,2.75,2.75
12/07/2018,2.75,N/A,2.75,2.75,2.75
12/06/2018,2.75,N/A,2.75,2.75,2.75
12/04/2018,2.75,N/A,2.75,2.75,2.75
12/03/2018,2.75,N/A,2.75,2.75,2.75
11/30/2018,2.75,N/A,2.75,2.75,2.75
11/29/2018,2.75,N/A,2.75,2.75,2.75
11/28/2018,2.75,N/A,2.75,2.75,2.75
11/27/2018,2.75,N/A,2.75,2.75,2.75
11/26/2018,2.75,N/A,2.75,2.75,2.75
11/23/2018,2.75,N/A,2.75,2.75,2.75
11/22/2018,2.75,N/A,2.75,2.75,2.75
11/21/2018,2.75,N/A,2.75,2.75,2.75
11/20/2018,2.75,N/A,2.75,2.75,2.75
11/19/2018,2.75,N/A,2.75,2.75,2.75
11/16/2018,2.75,N/A,2.75,2.75,2.75
11/15/2018,2.75,N/A,2.75,2.75,2.75
11/14/2018,2.75,N/A,2.75,2.75,2.75
11/13/2018,2.75,N/A,2.75,2.75,2.75
11/12/2018,2.75,N/A,2.75,2.75,2.75
11/09/2018,2.75,N/A,2.75,2.75,2.75
11/08/2018,2.75,N/A,2.75,2.75,2.75
11/07/2018,2.75,N/A,2.75,2.75,2.75
11/06/2018,2.75,N/A,2.75,2.75,2.75
11/05/2018,2.75,N/A,2.75,2.75,2.75
11/02/2018,2.75,N/A,2.75,2.75,2.75
11/01/2018,2.75,N/A,2.75,2.75,2.75
10/31/2018,2.75,N/A,2.75,2.75,2.75
10/30/2018,2.75,N/A,2.75,2.75,2.75
10/29/2018,2.75,N/A,2.75,2.75,2.75
10/26/2018,2.75,N/A,2.75,2.75,2.75
10/25/2018,2.75,N/A,2.75,2.75,2.75
10/24/2018,2.75,N/A,2.75,2.75,2.75
10/23/2018,2.75,N/A,2.75,2.75,2.75
10/22/2018,2.75,N/A,2.75,2.75,2.75
10/19/2018,2.75,N/A,2.75,2.75,2.75
10/18/2018,2.75,N/A,2.75,2.75,2.75
10/17/2018,2.75,N/A,2.75,2.75,2.75
10/16/2018,2.75,N/A,2.75,2.75,2.75
10/15/2018,2.75,N/A,2.75,2.75,2.75
10/12/2018,2.75,N/A,2.75,2.75,2.75
10/11/2018,2.75,N/A,2.75,2.75,2.75
10/10/2018,2.75,N/A,2.75,2.75,2.75
10/09/2018,2.75,N/A,2.75,2.75,2.75
10/08/2018,2.75,N/A,2.75,2.75,2.75
10/05/2018,2.75,N/A,2.75,2.75,2.75
10/04/2018,2.75,N/A,2.75,2.75,2.75
10/03/2018,2.75,N/A,2.75,2.75,2.75
10/02/2018,2.75,N/A,2.75,2.75,2.75
10/01/2018,2.75,N/A,2.75,2.75,2.75
09/28/2018,2.75,N/A,2.75,2.75,2.75
09/27/2018,2.75,N/A,2.75,2.75,2.75
09/26/2018,2.5,N/A,2.5,2.5,2.5
09/25/2018,2.5,N/A,2.5,2.5,2.5
09/24/2018,2.5,N/A,2.5,2.5,2.5
09/21/2018,2.5,N/A,2.5,2.5,2.5
09/20/2018,2.5,N/A,2.5,2.5,2.5
09/19/2018,2.5,N/A,2.5,2.5,2.5
09/18/2018,2.5,N/A,2.5,2.5,2.5
09/17/2018,2.5,N/A,2.5,2.5,2.5
09/14/2018,2.5,N/A,2.5,2.5,2.5
09/13/2018,2.5,N/A,2.5,2.5,2.5
09/12/2018,2.5,N/A,2.5,2.5,2.5
09/11/2018,2.5,N/A,2.5,2.5,2.5
09/10/2018,2.5,N/A,2.5,2.5,2.5
09/07/2018,2.5,N/A,2.5,2.5,2.5
09/06/2018,2.5,N/A,2.5,2.5,2.5
09/05/2018,2.5,N/A,2.5,2.5,2.5
09/04/2018,2.5,N/A,2.5,2.5,2.5
09/03/2018,2.5,N/A,2.5,2.5,2.5
08/31/2018,2.5,N/A,2.5,2.5,2.5
08/30/2018,2.5,N/A,2.5,2.5,2.5
08/29/2018,2.5,N/A,2.5,2.5,2.5
08/28/2018,2.5,N/A,2.5,2.5,2.5
08/27/2018,2.5,N/A,2.5,2.5,2.5
08/24/2018,2.5,N/A,2.5,2.5,2.5
08/23/2018,2.5,N/A,2.5,2.5,2.5
08/22/2018,2.5,N/A,2.5,2.5,2.5
08/21/2018,2.5,N/A,2.5,2.5,2.5
08/20/2018,2.5,N/A,2.5,2.5,2.5
08/17/2018,2.5,N/A,2.5,2.5,2.5
08/16/2018,2.5,N/A,2.5,2.5,2.5
08/15/2018,2.5,N/A,2.5,2.5,2.5
08/14/2018,2.5,N/A,2.5,2.5,2.5
08/13/2018,2.5,N/A,2.5,2.5,2.5
08/10/2018,2.5,N/A,2.5,2.5,2.5
08/09/2018,2.5,N/A,2.5,2.5,2.5
08/08/2018,2.5,N/A,2.5,2.5,2.5
08/07/2018,2.5,N/A,2.5,2.5,2.5
08/06/2018,2.5,N/A,2.5,2.5,2.5
08/03/2018,2.5,N/A,2.5,2.5,2.5
08/02/2018,2.5,N/A,2.5,2.5,2.5
08/01/2018,2.5,N/A,2.5,2.5,2.5
07/31/2018,2.5,N/A,2.5,2.5,2.5
07/30/2018,2.5,N/A,2.5,2.5,2.5
07/27/2018,2.5,N/A,2.5,2.5,2.5
07/26/2018,2.5,N/A,2.5,2.5,2.5
07/25/2018,2.5,N/A,2.5,2.5,2.5
07/24/2018,2.5,N/A,2.5,2.5,2.5
07/23/2018,2.5,N/A,2.5,2.5,2.5
07/20/2018,2.5,N/A,2.5,2.5,2.5
07/19/2018,2.5,N/A,2.5,2.5,2.5
07/18/2018,2.5,N/A,2.5,2.5,2.5
07/17/2018,2.5,N/A,2.5,2.5,2.5
07/16/2018,2.5,N/A,2.5,2.5,2.5
07/13/2018,2.5,N/A,2.5,2.5,2.5
07/12/2018,2.5,N/A,2.5,2.5,2.5
07/11/2018,2.5,N/A,2.5,2.5,2.5
07/10/2018,2.5,N/A,2.5,2.5,2.5
07/09/2018,2.5,N/A,2.5,2.5,2.5
07/06/2018,2.5,N/A,2.5,2.5,2.5
07/05/2018,2.5,N/A,2.5,2.5,2.5
07/04/2018,2.5,N/A,2.5,2.5,2.5
07/03/2018,2.5,N/A,2.5,2.5,2.5
07/02/2018,2.5,N/A,2.5,2.5,2.5
06/29/2018,2.5,N/A,2.5,2.5,2.5
06/28/2018,2.5,N/A,2.5,2.5,2.5
06/27/2018,2.5,N/A,2.5,2.5,2.5
06/26/2018,2.5,N/A,2.5,2.5,2.5
06/25/2018,2.5,N/A,2.5,2.5,2.5
06/22/2018,2.5,N/A,2.5,2.5,2.5
06/21/2018,2.5,N/A,2.5,2.5,2.5
06/20/2018,2.5,N/A,2.5,2.5,2.5
06/19/2018,2.5,N/A,2.5,2.5,2.5
06/18/2018,2.5,N/A,2.5,2.5,2.5
06/15/2018,2.5,N/A,2.5,2.5,2.5
06/14/2018,2.5,N/A,2.5,2.5,2.5
06/13/2018,2.25,N/A,2.25,2.25,2.25
06/12/2018,2.25,N/A,2.25,2.25,2.25
06/11/2018,2.25,N/A,2.25,2.25,2.25
06/08/2018,2.25,N/A,2.25,2.25,2.25
06/07/2018,2.25,N/A,2.25,2.25,2.25
06/06/2018,2.25,N/A,2.25,2.25,2.25
06/05/2018,2.25,N/A,2.25,2.25,2.25
06/04/2018,2.25,N/A,2.25,2.25,2.25
06/01/2018,2.25,N/A,2.25,2.25,2.25
05/31/2018,2.25,N/A,2.25,2.25,2.25
05/30/2018,2.25,N/A,2.25,2.25,2.25
05/29/2018,2.25,N/A,2.25,2.25,2.25
05/28/2018,2.25,N/A,2.25,2.25,2.25
05/25/2018,2.25,N/A,2.25,2.25,2.25
05/24/2018,2.25,N/A,2.25,2.25,2.25
05/23/2018,2.25,N/A,2.25,2.25,2.25
05/22/2018,2.25,N/A,2.25,2.25,2.25
05/21/2018,2.25,N/A,2.25,2.25,2.25
05/18/2018,2.25,N/A,2.25,2.25,2.25
05/17/2018,2.25,N/A,2.25,2.25,2.25
05/16/2018,2.25,N/A,2.25,2.25,2.25
05/15/2018,2.25,N/A,2.25,2.25,2.25
05/14/2018,2.25,N/A,2.25,2.25,2.25
05/11/2018,2.25,N/A,2.25,2.25,2.25
05/10/2018,2.25,N/A,2.25,2.25,2.25
05/09/2018,2.25,N/A,2.25,2.25,2.25
05/08/2018,2.25,N/A,2.25,2.25,2.25
05/07/2018,2.25,N/A,2.25,2.25,2.25
05/04/2018,2.25,N/A,2.25,2.25,2.25
05/03/2018,2.25,N/A,2.25,2.25,2.25
05/02/2018,2.25,N/A,2.25,2.25,2.25
05/01/2018,2.25,N/A,2.25,2.25,2.25
04/30/2018,2.25,N/A,2.25,2.25,2.25
04/27/2018,2.25,N/A,2.25,2.25,2.25
04/26/2018,2.25,N/A,2.25,2.25,2.25
04/25/2018,2.25,N/A,2.25,2.25,2.25
04/24/2018,2.25,N/A,2.25,2.25,2.25
04/23/2018,2.25,N/A,2.25,2.25,2.25
04/20/2018,2.25,N/A,2.25,2.25,2.25
04/19/2018,2.25,N/A,2.25,2.25,2.25
04/18/2018,2.25,N/A,2.25,2.25,2.25
04/17/2018,2.25,N/A,2.25,2.25,2.25
04/16/2018,2.25,N/A,2.25,2.25,2.25
04/13/2018,2.25,N/A,2.25,2.25,2.25
04/12/2018,2.25,N/A,2.25,2.25,2.25
04/11/2018,2.25,N/A,2.25,2.25,2.25
04/10/2018,2.25,N/A,2.25,2.25,2.25
04/09/2018,2.25,N/A,2.25,2.25,2.25
04/06/2018,2.25,N/A,2.25,2.25,2.25
04/05/2018,2.25,N/A,2.25,2.25,2.25
04/04/2018,2.25,N/A,2.25,2.25,2.25
04/03/2018,2.25,N/A,2.25,2.25,2.25
04/02/2018,2.25,N/A,2.25,2.25,2.25
03/30/2018,2.25,N/A,2.25,2.25,2.25
03/29/2018,2.25,N/A,2.25,2.25,2.25
03/28/2018,2.25,N/A,2.25,2.25,2.25
03/27/2018,2.25,N/A,2.25,2.25,2.25
03/26/2018,2.25,N/A,2.25,2.25,2.25
03/23/2018,2.25,N/A,2.25,2.25,2.25
03/22/2018,2.25,N/A,2.25,2.25,2.25
03/21/2018,2,N/A,2,2,2
03/20/2018,2,N/A,2,2,2
03/19/2018,2,N/A,2,2,2
03/16/2018,2,N/A,2,2,2
03/15/2018,2,N/A,2,2,2
03/14/2018,2,N/A,2,2,2
03/13/2018,2,N/A,2,2,2
03/12/2018,2,N/A,2,2,2
03/09/2018,2,N/A,2,2,2
03/08/2018,2,N/A,2,2,2
03/07/2018,2,N/A,2,2,2
03/06/2018,2,N/A,2,2,2
03/05/2018,2,N/A,2,2,2
03/02/2018,2,N/A,2,2,2
03/01/2018,2,N/A,2,2,2
02/28/2018,2,N/A,2,2,2
02/27/2018,2,N/A,2,2,2
02/26/2018,2,N/A,2,2,2
02/23/2018,2,N/A,2,2,2
02/22/2018,2,N/A,2,2,2
02/21/2018,2,N/A,2,2,2
02/20/2018,2,N/A,2,2,2
02/19/2018,2,N/A,2,2,2
02/16/2018,2,N/A,2,2,2
02/15/2018,2,N/A,2,2,2
02/14/2018,2,N/A,2,2,2
02/13/2018,2,N/A,2,2,2
02/12/2018,2,N/A,2,2,2
02/09/2018,2,N/A,2,2,2
02/08/2018,2,N/A,2,2,2
02/07/2018,2,N/A,2,2,2
02/06/2018,2,N/A,2,2,2
02/05/2018,2,N/A,2,2,2
02/02/2018,2,N/A,2,2,2
02/01/2018,2,N/A,2,2,2
01/31/2018,2,N/A,2,2,2
01/30/2018,2,N/A,2,2,2
01/29/2018,2,N/A,2,2,2
01/26/2018,2,N/A,2,2,2
01/25/2018,2,N/A,2,2,2
01/24/2018,2,N/A,2,2,2
01/23/2018,2,N/A,2,2,2
01/22/2018,2,N/A,2,2,2
01/19/2018,2,N/A,2,2,2
01/18/2018,2,N/A,2,2,2
01/17/2018,2,N/A,2,2,2
01/16/2018,2,N/A,2,2,2
01/15/2018,2,N/A,2,2,2
01/12/2018,2,N/A,2,2,2
01/11/2018,2,N/A,2,2,2
01/10/2018,2,N/A,2,2,2
01/09/2018,2,N/A,2,2,2
01/08/2018,2,N/A,2,2,2
01/05/2018,2,N/A,2,2,2
01/04/2018,2,N/A,2,2,2
01/03/2018,2,N/A,2,2,2
01/02/2018,2,N/A,2,2,2
01/01/2018,2,N/A,2,2,2
12/29/2017,2,N/A,2,2,2
12/28/2017,2,N/A,2,2,2
12/27/2017,2,N/A,2,2,2
12/26/2017,2,N/A,2,2,2
12/25/2017,2,N/A,2,2,2
12/22/2017,2,N/A,2,2,2
12/21/2017,2,N/A,2,2,2
12/20/2017,2,N/A,2,2,2
12/19/2017,2,N/A,2,2,2
12/18/2017,2,N/A,2,2,2
12/15/2017,2,N/A,2,2,2
12/14/2017,2,N/A,2,2,2
12/13/2017,1.75,N/A,1.75,1.75,1.75
12/12/2017,1.75,N/A,1.75,1.75,1.75
12/11/2017,1.75,N/A,1.75,1.75,1.75
12/08/2017,1.75,N/A,1.75,1.75,1.75
12/07/2017,1.75,N/A,1.75,1.75,1.75
12/06/2017,1.75,N/A,1.75,1.75,1.75
12/05/2017,1.75,N/A,1.75,1.75,1.75
12/04/2017,1.75,N/A,1.75,1.75,1.75
12/01/2017,1.75,N/A,1.75,1.75,1.75
11/30/2017,1.75,N/A,1.75,1.75,1.75
11/29/2017,1.75,N/A,1.75,1.75,1.75
11/28/2017,1.75,N/A,1.75,1.75,1.75
11/27/2017,1.75,N/A,1.75,1.75,1.75
11/24/2017,1.75,N/A,1.75,1.75,1.75
11/23/2017,1.75,N/A,1.75,1.75,1.75
11/22/2017,1.75,N/A,1.75,1.75,1.75
11/21/2017,1.75,N/A,1.75,1.75,1.75
11/20/2017,1.75,N/A,1.75,1.75,1.75
11/17/2017,1.75,N/A,1.75,1.75,1.75
11/16/2017,1.75,N/A,1.75,1.75,1.75
11/15/2017,1.75,N/A,1.75,1.75,1.75
11/14/2017,1.75,N/A,1.75,1.75,1.75
11/13/2017,1.75,N/A,1.75,1.75,1.75
11/10/2017,1.75,N/A,1.75,1.75,1.75
11/09/2017,1.75,N/A,1.75,1.75,1.75
11/08/2017,1.75,N/A,1.75,1.75,1.75
11/07/2017,1.75,N/A,1.75,1.75,1.75
11/06/2017,1.75,N/A,1.75,1.75,1.75
11/03/2017,1.75,N/A,1.75,1.75,1.75
11/02/2017,1.75,N/A,1.75,1.75,1.75
11/01/2017,1.75,N/A,1.75,1.75,1.75
10/31/2017,1.75,N/A,1.75,1.75,1.75
10/30/2017,1.75,N/A,1.75,1.75,1.75
10/27/2017,1.75,N/A,1.75,1.75,1.75
10/26/2017,1.75,N/A,1.75,1.75,1.75
10/25/2017,1.75,N/A,1.75,1.75,1.75
10/24/2017,1.75,N/A,1.75,1.75,1.75
10/23/2017,1.75,N/A,1.75,1.75,1.75
10/20/2017,1.75,N/A,1.75,1.75,1.75
10/19/2017,1.75,N/A,1.75,1.75,1.75
10/18/2017,1.75,N/A,1.75,1.75,1.75
10/17/2017,1.75,N/A,1.75,1.75,1.75
10/16/2017,1.75,N/A,1.75,1.75,1.75
10/13/2017,1.75,N/A,1.75,1.75,1.75
10/12/2017,1.75,N/A,1.75,1.75,1.75
10/11/2017,1.75,N/A,1.75,1.75,1.75
10/10/2017,1.75,N/A,1.75,1.75,1.75
10/09/2017,1.75,N/A,1.75,1.75,1.75
10/06/2017,1.75,N/A,1.75,1.75,1.75
10/05/2017,1.75,N/A,1.75,1.75,1.75
10/04/2017,1.75,N/A,1.75,1.75,1.75
10/03/2017,1.75,N/A,1.75,1.75,1.75
10/02/2017,1.75,N/A,1.75,1.75,1.75
09/29/2017,1.75,N/A,1.75,1.75,1.75
09/28/2017,1.75,N/A,1.75,1.75,1.75
09/27/2017,1.75,N/A,1.75,1.75,1.75
09/26/2017,1.75,N/A,1.75,1.75,1.75
09/25/2017,1.75,N/A,1.75,1.75,1.75
09/22/2017,1.75,N/A,1.75,1.75,1.75
09/21/2017,1.75,N/A,1.75,1.75,1.75
09/20/2017,1.75,N/A,1.75,1.75,1.75
09/19/2017,1.75,N/A,1.75,1.75,1.75
09/18/2017,1.75,N/A,1.75,1.75,1.75
09/15/2017,1.75,N/A,1.75,1.75,1.75
09/14/2017,1.75,N/A,1.75,1.75,1.75
09/13/2017,1.75,N/A,1.75,1.75,1.75
09/12/2017,1.75,N/A,1.75,1.75,1.75
09/11/2017,1.75,N/A,1.75,1.75,1.75
09/08/2017,1.75,N/A,1.75,1.75,1.75
09/07/2017,1.75,N/A,1.75,1.75,1.75
09/06/2017,1.75,N/A,1.75,1.75,1.75
09/05/2017,1.75,N/A,1.75,1.75,1.75
09/04/2017,1.75,N/A,1.75,1.75,1.75
09/01/2017,1.75,N/A,1.75,1.75,1.75
08/31/2017,1.75,N/A,1.75,1.75,1.75
08/30/2017,1.75,N/A,1.75,1.75,1.75
08/29/2017,1.75,N/A,1.75,1.75,1.75
08/28/2017,1.75,N/A,1.75,1.75,1.75
08/25/2017,1.75,N/A,1.75,1.75,1.75
08/24/2017,1.75,N/A,1.75,1.75,1.75
08/23/2017,1.75,N/A,1.75,1.75,1.75
08/22/2017,1.75,N/A,1.75,1.75,1.75
08/21/2017,1.75,N/A,1.75,1.75,1.75
08/18/2017,1.75,N/A,1.75,1.75,1.75
08/17/2017,1.75,N/A,1.75,1.75,1.75
08/16/2017,1.75,N/A,1.75,1.75,1.75
08/15/2017,1.75,N/A,1.75,1.75,1.75
08/14/2017,1.75,N/A,1.75,1.75,1.75
08/11/2017,1.75,N/A,1.75,1.75,1.75
08/10/2017,1.75,N/A,1.75,1.75,1.75
08/09/2017,1.75,N/A,1.75,1.75,1.75
08/08/2017,1.75,N/A,1.75,1.75,1.75
08/07/2017,1.75,N/A,1.75,1.75,1.75
08/04/2017,1.75,N/A,1.75,1.75,1.75
08/03/2017,1.75,N/A,1.75,1.75,1.75
08/02/2017,1.75,N/A,1.75,1.75,1.75
08/01/2017,1.75,N/A,1.75,1.75,1.75
07/31/2017,1.75,N/A,1.75,1.75,1.75
07/28/2017,1.75,N/A,1.75,1.75,1.75
07/27/2017,1.75,N/A,1.75,1.75,1.75
07/26/2017,1.75,N/A,1.75,1.75,1.75
07/25/2017,1.75,N/A,1.75,1.75,1.75
07/24/2017,1.75,N/A,1.75,1.75,1.75
07/21/2017,1.75,N/A,1.75,1.75,1.75
07/20/2017,1.75,N/A,1.75,1.75,1.75
07/19/2017,1.75,N/A,1.75,1.75,1.75
07/18/2017,1.75,N/A,1.75,1.75,1.75
07/17/2017,1.75,N/A,1.75,1.75,1.75
07/14/2017,1.75,N/A,1.75,1.75,1.75
07/13/2017,1.75,N/A,1.75,1.75,1.75
07/12/2017,1.75,N/A,1.75,1.75,1.75
07/11/2017,1.75,N/A,1.75,1.75,1.75
07/10/2017,1.75,N/A,1.75,1.75,1.75
07/07/2017,1.75,N/A,1.75,1.75,1.75
07/06/2017,1.75,N/A,1.75,1.75,1.75
07/05/2017,1.75,N/A,1.75,1.75,1.75
07/04/2017,1.75,N/A,1.75,1.75,1.75
07/03/2017,1.75,N/A,1.75,1.75,1.75
06/30/2017,1.75,N/A,1.75,1.75,1.75
06/29/2017,1.75,N/A,1.75,1.75,1.75
06/28/2017,1.75,N/A,1.75,1.75,1.75
06/27/2017,1.75,N/A,1.75,1.75,1.75
06/26/2017,1.75,N/A,1.75,1.75,1.75
06/23/2017,1.75,N/A,1.75,1.75,1.75
06/22/2017,1.75,N/A,1.75,1.75,1.75
06/21/2017,1.75,N/A,1.75,1.75,1.75
06/20/2017,1.75,N/A,1.75,1.75,1.75
06/19/2017,1.75,N/A,1.75,1.75,1.75
06/16/2017,1.75,N/A,1.75,1.75,1.75
06/15/2017,1.75,N/A,1.75,1.75,1.75
06/14/2017,1.5,N/A,1.5,1.5,1.5
06/13/2017,1.5,N/A,1.5,1.5,1.5
06/12/2017,1.5,N/A,1.5,1.5,1.5
06/09/2017,1.5,N/A,1.5,1.5,1.5
06/08/2017,1.5,N/A,1.5,1.5,1.5
06/07/2017,1.5,N/A,1.5,1.5,1.5
06/06/2017,1.5,N/A,1.5,1.5,1.5
06/05/2017,1.5,N/A,1.5,1.5,1.5
06/02/2017,1.5,N/A,1.5,1.5,1.5
06/01/2017,1.5,N/A,1.5,1.5,1.5
05/31/2017,1.5,N/A,1.5,1.5,1.5
05/30/2017,1.5,N/A,1.5,1.5,1.5
05/29/2017,1.5,N/A,1.5,1.5,1.5
05/26/2017,1.5,N/A,1.5,1.5,1.5
05/25/2017,1.5,N/A,1.5,1.5,1.5
05/24/2017,1.5,N/A,1.5,1.5,1.5
05/23/2017,1.5,N/A,1.5,1.5,1.5
05/22/2017,1.5,N/A,1.5,1.5,1.5
05/19/2017,1.5,N/A,1.5,1.5,1.5
05/18/2017,1.5,N/A,1.5,1.5,1.5
05/17/2017,1.5,N/A,1.5,1.5,1.5
05/16/2017,1.5,N/A,1.5,1.5,1.5
05/15/2017,1.5,N/A,1.5,1.5,1.5
05/12/2017,1.5,N/A,1.5,1.5,1.5
05/11/2017,1.5,N/A,1.5,1.5,1.5
05/10/2017,1.5,N/A,1.5,1.5,1.5
05/09/2017,1.5,N/A,1.5,1.5,1.5
05/08/2017,1.5,N/A,1.5,1.5,1.5
05/05/2017,1.5,N/A,1.5,1.5,1.5
05/04/2017,1.5,N/A,1.5,1.5,1.5
05/03/2017,1.5,N/A,1.5,1.5,1.5
05/02/2017,1.5,N/A,1.5,1.5,1.5
05/01/2017,1.5,N/A,1.5,1.5,1.5
04/28/2017,1.5,N/A,1.5,1.5,1.5
04/27/2017,1.5,N/A,1.5,1.5,1.5
04/26/2017,1.5,N/A,1.5,1.5,1.5
04/25/2017,1.5,N/A,1.5,1.5,1.5
04/24/2017,1.5,N/A,1.5,1.5,1.5
04/21/2017,1.5,N/A,1.5,1.5,1.5
04/20/2017,1.5,N/A,1.5,1.5,1.5
04/19/2017,1.5,N/A,1.5,1.5,1.5
04/18/2017,1.5,N/A,1.5,1.5,1.5
04/17/2017,1.5,N/A,1.5,1.5,1.5
04/14/2017,1.5,N/A,1.5,1.5,1.5
04/13/2017,1.5,N/A,1.5,1.5,1.5
04/12/2017,1.5,N/A,1.5,1.5,1.5
04/11/2017,1.5,N/A,1.5,1.5,1.5
04/10/2017,1.5,N/A,1.5,1.5,1.5
04/07/2017,1.5,N/A,1.5,1.5,1.5
04/06/2017,1.5,N/A,1.5,1.5,1.5
04/05/2017,1.5,N/A,1.5,1.5,1.5
04/04/2017,1.5,N/A,1.5,1.5,1.5
04/03/2017,1.5,N/A,1.5,1.5,1.5
03/31/2017,1.5,N/A,1.5,1.5,1.5
03/30/2017,1.5,N/A,1.5,1.5,1.5
03/29/2017,1.5,N/A,1.5,1.5,1.5
03/28/2017,1.5,N/A,1.5,1.5,1.5
03/27/2017,1.5,N/A,1.5,1.5,1.5
03/24/2017,1.5,N/A,1.5,1.5,1.5
03/23/2017,1.5,N/A,1.5,1.5,1.5
03/22/2017,1.5,N/A,1.5,1.5,1.5
03/21/2017,1.5,N/A,1.5,1.5,1.5
03/20/2017,1.5,N/A,1.5,1.5,1.5
03/17/2017,1.5,N/A,1.5,1.5,1.5
03/16/2017,1.5,N/A,1.5,1.5,1.5
03/15/2017,1.25,N/A,1.25,1.25,1.25
03/14/2017,1.25,N/A,1.25,1.25,1.25
03/13/2017,1.25,N/A,1.25,1.25,1.25
03/10/2017,1.25,N/A,1.25,1.25,1.25
03/09/2017,1.25,N/A,1.25,1.25,1.25
03/08/2017,1.25,N/A,1.25,1.25,1.25
03/07/2017,1.25,N/A,1.25,1.25,1.25
03/06/2017,1.25,N/A,1.25,1.25,1.25
03/03/2017,1.25,N/A,1.25,1.25,1.25
03/02/2017,1.25,N/A,1.25,1.25,1.25
03/01/2017,1.25,N/A,1.25,1.25,1.25
02/28/2017,1.25,N/A,1.25,1.25,1.25
02/27/2017,1.25,N/A,1.25,1.25,1.25
02/24/2017,1.25,N/A,1.25,1.25,1.25
02/23/2017,1.25,N/A,1.25,1.25,1.25
02/22/2017,1.25,N/A,1.25,1.25,1.25
02/21/2017,1.25,N/A,1.25,1.25,1.25
02/20/2017,1.25,N/A,1.25,1.25,1.25
02/17/2017,1.25,N/A,1.25,1.25,1.25
02/16/2017,1.25,N/A,1.25,1.25,1.25
02/15/2017,1.25,N/A,1.25,1.25,1.25
02/14/2017,1.25,N/A,1.25,1.25,1.25
02/13/2017,1.25,N/A,1.25,1.25,1.25
02/10/2017,1.25,N/A,1.25,1.25,1.25
02/09/2017,1.25,N/A,1.25,1.25,1.25
02/08/2017,1.25,N/A,1.25,1.25,1.25
02/07/2017,1,N/A,1,1,1
02/06/2017,1,N/A,1,1,1
02/03/2017,1,N/A,1,1,1
02/02/2017,1,N/A,1,1,1
02/01/2017,1,N/A,1,1,1
01/31/2017,1,N/A,1,1,1
01/30/2017,1,N/A,1,1,1
01/27/2017,1,N/A,1,1,1
01/26/2017,1,N/A,1,1,1
01/25/2017,1,N/A,1,1,1
01/24/2017,1,N/A,1,1,1
01/23/2017,1,N/A,1,1,1
01/20/2017,1,N/A,1,1,1
01/19/2017,1,N/A,1,1,1
01/18/2017,1,N/A,1,1,1
01/17/2017,1,N/A,1,1,1
01/16/2017,1,N/A,1,1,1
01/13/2017,1,N/A,1,1,1
01/12/2017,1,N/A,1,1,1
01/11/2017,1,N/A,1,1,1
01/10/2017,1,N/A,1,1,1
01/09/2017,1,N/A,1,1,1
01/06/2017,1,N/A,1,1,1
01/05/2017,1,N/A,1,1,1
01/04/2017,1,N/A,1,1,1
01/03/2017,1,N/A,1,1,1
01/02/2017,1,N/A,1,1,1
12/30/2016,1,N/A,1,1,1
12/29/2016,1,N/A,1,1,1
12/28/2016,1,N/A,1,1,1
12/27/2016,1,N/A,1,1,1
12/26/2016,1,N/A,1,1,1
12/23/2016,1,N/A,1,1,1
12/22/2016,1,N/A,1,1,1
12/21/2016,1,N/A,1,1,1
12/20/2016,1,N/A,1,1,1
12/19/2016,1,N/A,1,1,1
12/16/2016,1,N/A,1,1,1
12/15/2016,1,N/A,1,1,1
12/14/2016,1,N/A,1,1,1
12/13/2016,1,N/A,1,1,1
12/12/2016,1,N/A,1,1,1
12/09/2016,1,N/A,1,1,1
12/08/2016,1,N/A,1,1,1
12/07/2016,1,N/A,1,1,1
12/06/2016,1,N/A,1,1,1
12/05/2016,1,N/A,1,1,1
12/02/2016,1,N/A,1,1,1
12/01/2016,1,N/A,1,1,1
11/30/2016,1,N/A,1,1,1
11/29/2016,1,N/A,1,1,1
11/28/2016,1,N/A,1,1,1
11/25/2016,1,N/A,1,1,1
11/24/2016,1,N/A,1,1,1
11/23/2016,1,N/A,1,1,1
11/22/2016,1,N/A,1,1,1
11/21/2016,1,N/A,1,1,1
11/18/2016,1,N/A,1,1,1
11/17/2016,1,N/A,1,1,1
11/16/2016,1,N/A,1,1,1
11/15/2016,1,N/A,1,1,1
11/14/2016,1,N/A,1,1,1
11/11/2016,1,N/A,1,1,1
11/10/2016,1,N/A,1,1,1
11/09/2016,1,N/A,1,1,1
11/08/2016,1,N/A,1,1,1
11/07/2016,1,N/A,1,1,1
11/04/2016,1,N/A,1,1,1
11/03/2016,1,N/A,1,1,1
11/02/2016,1,N/A,1,1,1
11/01/2016,1,N/A,1,1,1
10/31/2016,1,N/A,1,1,1
10/28/2016,1,N/A,1,1,1
10/27/2016,1,N/A,1,1,1
10/26/2016,1,N/A,1,1,1
10/25/2016,1,N/A,1,1,1
10/24/2016,1,N/A,1,1,1
10/21/2016,1,N/A,1,1,1
10/20/2016,1,N/A,1,1,1
10/19/2016,1,N/A,1,1,1
10/18/2016,1,N/A,1,1,1
10/17/2016,1,N/A,1,1,1
10/14/2016,1,N/A,1,1,1
10/13/2016,1,N/A,1,1,1
10/12/2016,1,N/A,1,1,1
10/11/2016,1,N/A,1,1,1
10/10/2016,1,N/A,1,1,1
10/07/2016,1,N/A,1,1,1
10/06/2016,1,N/A,1,1,1
10/05/2016,1,N/A,1,1,1
10/04/2016,1,N/A,1,1,1
10/03/2016,1,N/A,1,1,1
09/30/2016,1,N/A,1,1,1
09/29/2016,1,N/A,1,1,1
09/28/2016,1,N/A,1,1,1
09/27/2016,1,N/A,1,1,1
09/26/2016,1,N/A,1,1,1
09/23/2016,1,N/A,1,1,1
09/22/2016,1,N/A,1,1,1
09/21/2016,1,N/A,1,1,1
09/20/2016,1,N/A,1,1,1
09/19/2016,1,N/A,1,1,1
09/16/2016,1,N/A,1,1,1
09/15/2016,1,N/A,1,1,1
09/14/2016,1,N/A,1,1,1
09/13/2016,1,N/A,1,1,1
09/12/2016,1,N/A,1,1,1
09/09/2016,1,N/A,1,1,1
09/08/2016,1,N/A,1,1,1
09/07/2016,1,N/A,1,1,1
09/06/2016,1,N/A,1,1,1
09/05/2016,1,N/A,1,1,1
09/02/2016,1,N/A,1,1,1
09/01/2016,1,N/A,1,1,1
08/31/2016,1,N/A,1,1,1
08/30/2016,1,N/A,1,1,1
08/29/2016,1,N/A,1,1,1
08/26/2016,1,N/A,1,1,1
08/25/2016,1,N/A,1,1,1
08/24/2016,1,N/A,1,1,1
08/23/2016,1,N/A,1,1,1
08/22/2016,1,N/A,1,1,1
08/19/2016,1,N/A,1,1,1
08/18/2016,1,N/A,1,1,1
08/17/2016,1,N/A,1,1,1
08/16/2016,1,N/A,1,1,1
08/15/2016,1,N/A,1,1,1
08/12/2016,1,N/A,1,1,1
08/11/2016,1,N/A,1,1,1
08/10/2016,1,N/A,1,1,1
08/09/2016,1,N/A,1,1,1
08/08/2016,1,N/A,1,1,1
08/05/2016,1,N/A,1,1,1
08/04/2016,1,N/A,1,1,1
08/03/2016,1,N/A,1,1,1
08/02/2016,1,N/A,1,1,1
08/01/2016,1,N/A,1,1,1
07/29/2016,1,N/A,1,1,1
07/28/2016,1,N/A,1,1,1
07/27/2016,1,N/A,1,1,1
07/26/2016,1,N/A,1,1,1
07/25/2016,1,N/A,1,1,1
07/22/2016,1,N/A,1,1,1
07/21/2016,1,N/A,1,1,1
07/20/2016,1,N/A,1,1,1
07/19/2016,1,N/A,1,1,1
07/18/2016,1,N/A,1,1,1
07/15/2016,1,N/A,1,1,1
07/14/2016,1,N/A,1,1,1
07/13/2016,1,N/A,1,1,1
07/12/2016,1,N/A,1,1,1
07/11/2016,1,N/A,1,1,1
07/08/2016,1,N/A,1,1,1
07/07/2016,1,N/A,1,1,1
07/06/2016,1,N/A,1,1,1
07/05/2016,1,N/A,1,1,1
07/04/2016,1,N/A,1,1,1
07/01/2016,1,N/A,1,1,1
06/30/2016,1,N/A,1,1,1
06/29/2016,1,N/A,1,1,1
06/28/2016,1,N/A,1,1,1
06/27/2016,1,N/A,1,1,1
06/24/2016,1,N/A,1,1,1
06/23/2016,1,N/A,1,1,1
06/22/2016,1,N/A,1,1,1
06/21/2016,1,N/A,1,1,1
06/20/2016,1,N/A,1,1,1
06/17/2016,1,N/A,1,1,1
06/16/2016,1,N/A,1,1,1
06/15/2016,1,N/A,1,1,1
06/14/2016,1,N/A,1,1,1
06/13/2016,1,N/A,1,1,1
06/10/2016,1,N/A,1,1,1
06/09/2016,1,N/A,1,1,1
06/08/2016,1,N/A,1,1,1
06/07/2016,1,N/A,1,1,1
06/06/2016,1,N/A,1,1,1
06/03/2016,1,N/A,1,1,1
06/02/2016,1,N/A,1,1,1
06/01/2016,1,N/A,1,1,1
05/31/2016,1,N/A,1,1,1
05/30/2016,1,N/A,1,1,1
05/27/2016,1,N/A,1,1,1
05/26/2016,1,N/A,1,1,1
05/25/2016,1,N/A,1,1,1
05/24/2016,1,N/A,1,1,1
05/23/2016,1,N/A,1,1,1
05/20/2016,1,N/A,1,1,1
05/19/2016,1,N/A,1,1,1
05/18/2016,1,N/A,1,1,1
05/17/2016,1,N/A,1,1,1
05/16/2016,1,N/A,1,1,1
05/13/2016,1,N/A,1,1,1
05/12/2016,1,N/A,1,1,1
05/11/2016,1,N/A,1,1,1
05/10/2016,1,N/A,1,1,1
05/09/2016,1,N/A,1,1,1
05/06/2016,1,N/A,1,1,1
05/05/2016,1,N/A,1,1,1
05/04/2016,1,N/A,1,1,1
05/03/2016,1,N/A,1,1,1
05/02/2016,1,N/A,1,1,1
04/29/2016,1,N/A,1,1,1
04/28/2016,1,N/A,1,1,1
04/27/2016,1,N/A,1,1,1
04/26/2016,1,N/A,1,1,1
04/25/2016,1,N/A,1,1,1
04/22/2016,1,N/A,1,1,1
04/21/2016,1,N/A,1,1,1
04/20/2016,1,N/A,1,1,1
04/19/2016,1,N/A,1,1,1
04/18/2016,1,N/A,1,1,1
04/15/2016,1,N/A,1,1,1
04/14/2016,1,N/A,1,1,1
04/13/2016,1,N/A,1,1,1
04/12/2016,1,N/A,1,1,1
04/11/2016,1,N/A,1,1,1
04/08/2016,1,N/A,1,1,1
04/07/2016,1,N/A,1,1,1
04/06/2016,1,N/A,1,1,1
04/05/2016,1,N/A,1,1,1
04/04/2016,1,N/A,1,1,1
04/01/2016,1,N/A,1,1,1
03/31/2016,1,N/A,1,1,1
03/30/2016,1,N/A,1,1,1
03/29/2016,1,N/A,1,1,1
03/28/2016,1,N/A,1,1,1
03/25/2016,1,N/A,1,1,1
03/24/2016,1,N/A,1,1,1
03/23/2016,1,N/A,1,1,1
03/22/2016,1,N/A,1,1,1
03/21/2016,1,N/A,1,1,1
03/18/2016,1,N/A,1,1,1
03/17/2016,1,N/A,1,1,1
03/16/2016,1,N/A,1,1,1
03/15/2016,1,N/A,1,1,1
03/14/2016,1,N/A,1,1,1
03/11/2016,1,N/A,1,1,1
03/10/2016,1,N/A,1,1,1
03/09/2016,1,N/A,1,1,1
03/08/2016,1,N/A,1,1,1
03/07/2016,1,N/A,1,1,1
03/04/2016,1,N/A,1,1,1
03/03/2016,1,N/A,1,1,1
03/02/2016,1,N/A,1,1,1
03/01/2016,1,N/A,1,1,1
02/29/2016,1,N/A,1,1,1
02/26/2016,1,N/A,1,1,1
02/25/2016,1,N/A,1,1,1
02/24/2016,1,N/A,1,1,1
02/23/2016,1,N/A,1,1,1
02/22/2016,1,N/A,1,1,1
02/19/2016,1,N/A,1,1,1
02/18/2016,1,N/A,1,1,1
02/17/2016,1,N/A,1,1,1
02/16/2016,1,N/A,1,1,1
02/15/2016,1,N/A,1,1,1
02/12/2016,1,N/A,1,1,1
02/11/2016,1,N/A,1,1,1
02/10/2016,1,N/A,1,1,1
02/09/2016,1,N/A,1,1,1
02/08/2016,1,N/A,1,1,1
02/05/2016,1,N/A,1,1,1
02/04/2016,1,N/A,1,1,1
02/03/2016,1,N/A,1,1,1
02/02/2016,1,N/A,1,1,1
02/01/2016,1,N/A,1,1,1
01/29/2016,1,N/A,1,1,1
01/28/2016,1,N/A,1,1,1
01/27/2016,1,N/A,1,1,1
01/26/2016,1,N/A,1,1,1
01/25/2016,1,N/A,1,1,1
01/22/2016,1,N/A,1,1,1
01/21/2016,1,N/A,1,1,1
01/20/2016,1,N/A,1,1,1
01/19/2016,1,N/A,1,1,1
01/18/2016,1,N/A,1,1,1
01/15/2016,1,N/A,1,1,1
01/14/2016,1,N/A,1,1,1
01/13/2016,1,N/A,1,1,1
01/12/2016,1,N/A,1,1,1
01/11/2016,1,N/A,1,1,1
01/08/2016,1,N/A,1,1,1
01/07/2016,1,N/A,1,1,1
01/06/2016,1,N/A,1,1,1
01/05/2016,1,N/A,1,1,1
01/04/2016,1,N/A,1,1,1
01/01/2016,1,N/A,1,1,1
12/31/2015,1,N/A,1,1,1
12/30/2015,1,N/A,1,1,1
12/29/2015,1,N/A,1,1,1
12/28/2015,1,N/A,1,1,1
12/25/2015,1,N/A,1,1,1
12/24/2015,1,N/A,1,1,1
12/23/2015,1,N/A,1,1,1
12/22/2015,1,N/A,1,1,1
12/21/2015,1,N/A,1,1,1
12/18/2015,1,N/A,1,1,1
12/17/2015,1,N/A,1,1,1
12/16/2015,0.75,N/A,0.75,0.75,0.75
12/15/2015,0.75,N/A,0.75,0.75,0.75
12/14/2015,0.75,N/A,0.75,0.75,0.75
12/11/2015,0.75,N/A,0.75,0.75,0.75
12/10/2015,0.75,N/A,0.75,0.75,0.75
12/09/2015,0.75,N/A,0.75,0.75,0.75
12/08/2015,0.75,N/A,0.75,0.75,0.75
12/07/2015,0.75,N/A,0.75,0.75,0.75
12/04/2015,0.75,N/A,0.75,0.75,0.75
12/03/2015,0.75,N/A,0.75,0.75,0.75
12/02/2015,0.75,N/A,0.75,0.75,0.75
12/01/2015,0.75,N/A,0.75,0.75,0.75
11/30/2015,0.75,N/A,0.75,0.75,0.75
11/27/2015,0.75,N/A,0.75,0.75,0.75
11/26/2015,0.75,N/A,0.75,0.75,0.75
11/25/2015,0.75,N/A,0.75,0.75,0.75
11/24/2015,0.75,N/A,0.75,0.75,0.75
11/23/2015,0.75,N/A,0.75,0.75,0.75
11/20/2015,0.75,N/A,0.75,0.75,0.75
11/19/2015,0.75,N/A,0.75,0.75,0.75
11/18/2015,0.75,N/A,0.75,0.75,0.75
11/17/2015,0.75,N/A,0.75,0.75,0.75
11/16/2015,0.75,N/A,0.75,0.75,0.75
11/13/2015,0.75,N/A,0.75,0.75,0.75
11/12/2015,0.75,N/A,0.75,0.75,0.75
11/11/2015,0.75,N/A,0.75,0.75,0.75
11/10/2015,0.75,N/A,0.75,0.75,0.75
11/09/2015,0.75,N/A,0.75,0.75,0.75
11/06/2015,0.75,N/A,0.75,0.75,0.75
11/05/2015,0.75,N/A,0.75,0.75,0.75
11/04/2015,0.75,N/A,0.75,0.75,0.75
11/03/2015,0.75,N/A,0.75,0.75,0.75
11/02/2015,0.75,N/A,0.75,0.75,0.75
10/30/2015,0.75,N/A,0.75,0.75,0.75
10/29/2015,0.75,N/A,0.75,0.75,0.75
10/28/2015,0.75,N/A,0.75,0.75,0.75
10/27/2015,0.75,N/A,0.75,0.75,0.75
10/26/2015,0.75,N/A,0.75,0.75,0.75
10/23/2015,0.75,N/A,0.75,0.75,0.75
10/22/2015,0.75,N/A,0.75,0.75,0.75
10/21/2015,0.75,N/A,0.75,0.75,0.75
10/20/2015,0.75,N/A,0.75,0.75,0.75
10/19/2015,0.75,N/A,0.75,0.75,0.75
10/16/2015,0.75,N/A,0.75,0.75,0.75
10/15/2015,0.75,N/A,0.75,0.75,0.75
10/14/2015,0.75,N/A,0.75,0.75,0.75
10/13/2015,0.75,N/A,0.75,0.75,0.75
10/12/2015,0.75,N/A,0.75,0.75,0.75
10/09/2015,0.75,N/A,0.75,0.75,0.75
10/08/2015,0.75,N/A,0.75,0.75,0.75
10/07/2015,0.75,N/A,0.75,0.75,0.75
10/06/2015,0.75,N/A,0.75,0.75,0.75
10/05/2015,0.75,N/A,0.75,0.75,0.75
10/02/2015,0.75,N/A,0.75,0.75,0.75
10/01/2015,0.75,N/A,0.75,0.75,0.75
09/30/2015,0.75,N/A,0.75,0.75,0.75
09/29/2015,0.75,N/A,0.75,0.75,0.75
09/28/2015,0.75,N/A,0.75,0.75,0.75
09/25/2015,0.75,N/A,0.75,0.75,0.75
09/24/2015,0.75,N/A,0.75,0.75,0.75
09/23/2015,0.75,N/A,0.75,0.75,0.75
09/22/2015,0.75,N/A,0.75,0.75,0.75
09/21/2015,0.75,N/A,0.75,0.75,0.75
09/18/2015,0.75,N/A,0.75,0.75,0.75
09/17/2015,0.75,N/A,0.75,0.75,0.75
09/16/2015,0.75,N/A,0.75,0.75,0.75
09/15/2015,0.75,N/A,0.75,0.75,0.75
09/14/2015,0.75,N/A,0.75,0.75,0.75
09/11/2015,0.75,N/A,0.75,0.75,0.75
09/10/2015,0.75,N/A,0.75,0.75,0.75
09/09/2015,0.75,N/A,0.75,0.75,0.75
09/08/2015,0.75,N/A,0.75,0.75,0.75
09/07/2015,0.75,N/A,0.75,0.75,0.75
09/04/2015,0.75,N/A,0.75,0.75,0.75
09/03/2015,0.75,N/A,0.75,0.75,0.75
09/02/2015,0.75,N/A,0.75,0.75,0.75
09/01/2015,0.75,N/A,0.75,0.75,0.75
08/31/2015,0.75,N/A,0.75,0.75,0.75
08/28/2015,0.75,N/A,0.75,0.75,0.75
08/27/2015,0.75,N/A,0.75,0.75,0.75
08/26/2015,0.75,N/A,0.75,0.75,0.75
08/25/2015,0.75,N/A,0.75,0.75,0.75
08/24/2015,0.75,N/A,0.75,0.75,0.75
08/21/2015,0.75,N/A,0.75,0.75,0.75
08/20/2015,0.75,N/A,0.75,0.75,0.75
08/19/2015,0.75,N/A,0.75,0.75,0.75
08/18/2015,0.75,N/A,0.75,0.75,0.75
08/17/2015,0.75,N/A,0.75,0.75,0.75
08/14/2015,0.75,N/A,0.75,0.75,0.75
08/13/2015,0.75,N/A,0.75,0.75,0.75
08/12/2015,0.75,N/A,0.75,0.75,0.75
08/11/2015,0.75,N/A,0.75,0.75,0.75
08/10/2015,0.75,N/A,0.75,0.75,0.75
08/07/2015,0.75,N/A,0.75,0.75,0.75
08/06/2015,0.75,N/A,0.75,0.75,0.75
08/05/2015,0.75,N/A,0.75,0.75,0.75
08/04/2015,0.75,N/A,0.75,0.75,0.75
08/03/2015,0.75,N/A,0.75,0.75,0.75
07/31/2015,0.75,N/A,0.75,0.75,0.75
07/30/2015,0.75,N/A,0.75,0.75,0.75
07/29/2015,0.75,N/A,0.75,0.75,0.75
07/28/2015,0.75,N/A,0.75,0.75,0.75
07/27/2015,0.75,N/A,0.75,0.75,0.75
07/24/2015,0.75,N/A,0.75,0.75,0.75
07/23/2015,0.75,N/A,0.75,0.75,0.75
07/22/2015,0.75,N/A,0.75,0.75,0.75
07/21/2015,0.75,N/A,0.75,0.75,0.75
07/20/2015,0.75,N/A,0.75,0.75,0.75
07/17/2015,0.75,N/A,0.75,0.75,0.75
07/16/2015,0.75,N/A,0.75,0.75,0.75
07/15/2015,0.75,N/A,0.75,0.75,0.75
07/14/2015,0.75,N/A,0.75,0.75,0.75
07/13/2015,0.75,N/A,0.75,0.75,0.75
07/10/2015,0.75,N/A,0.75,0.75,0.75
07/09/2015,0.75,N/A,0.75,0.75,0.75
07/08/2015,0.75,N/A,0.75,0.75,0.75
07/07/2015,0.75,N/A,0.75,0.75,0.75
07/06/2015,0.75,N/A,0.75,0.75,0.75
07/03/2015,0.75,N/A,0.75,0.75,0.75
07/02/2015,0.75,N/A,0.75,0.75,0.75
07/01/2015,0.75,N/A,0.75,0.75,0.75
06/30/2015,0.75,N/A,0.75,0.75,0.75
06/29/2015,0.75,N/A,0.75,0.75,0.75
06/26/2015,0.75,N/A,0.75,0.75,0.75
06/25/2015,0.75,N/A,0.75,0.75,0.75
06/24/2015,0.75,N/A,0.75,0.75,0.75
06/23/2015,0.75,N/A,0.75,0.75,0.75
06/22/2015,0.75,N/A,0.75,0.75,0.75
06/19/2015,0.75,N/A,0.75,0.75,0.75
06/18/2015,0.75,N/A,0.75,0.75,0.75
06/17/2015,0.75,N/A,0.75,0.75,0.75
06/16/2015,0.75,N/A,0.75,0.75,0.75
06/15/2015,0.75,N/A,0.75,0.75,0.75
06/12/2015,0.75,N/A,0.75,0.75,0.75
06/11/2015,0.75,N/A,0.75,0.75,0.75
06/10/2015,0.75,N/A,0.75,0.75,0.75
06/09/2015,0.75,N/A,0.75,0.75,0.75
06/08/2015,0.75,N/A,0.75,0.75,0.75
06/05/2015,0.75,N/A,0.75,0.75,0.75
06/04/2015,0.75,N/A,0.75,0.75,0.75
06/03/2015,0.75,N/A,0.75,0.75,0.75
06/02/2015,0.75,N/A,0.75,0.75,0.75
06/01/2015,0.75,N/A,0.75,0.75,0.75
05/29/2015,0.75,N/A,0.75,0.75,0.75
05/28/2015,0.75,N/A,0.75,0.75,0.75
05/27/2015,0.75,N/A,0.75,0.75,0.75
05/26/2015,0.75,N/A,0.75,0.75,0.75
05/25/2015,0.75,N/A,0.75,0.75,0.75
05/22/2015,0.75,N/A,0.75,0.75,0.75
05/21/2015,0.75,N/A,0.75,0.75,0.75
05/20/2015,0.75,N/A,0.75,0.75,0.75
05/19/2015,0.75,N/A,0.75,0.75,0.75
05/18/2015,0.75,N/A,0.75,0.75,0.75
05/15/2015,0.75,N/A,0.75,0.75,0.75
05/14/2015,0.75,N/A,0.75,0.75,0.75
05/13/2015,0.75,N/A,0.75,0.75,0.75
05/12/2015,0.75,N/A,0.75,0.75,0.75
05/11/2015,0.75,N/A,0.75,0.75,0.75
05/08/2015,0.75,N/A,0.75,0.75,0.75
05/07/2015,0.75,N/A,0.75,0.75,0.75
05/06/2015,0.75,N/A,0.75,0.75,0.75
05/05/2015,0.75,N/A,0.75,0.75,0.75
05/04/2015,0.75,N/A,0.75,0.75,0.75
05/01/2015,0.75,N/A,0.75,0.75,0.75
04/30/2015,0.75,N/A,0.75,0.75,0.75
04/29/2015,0.75,N/A,0.75,0.75,0.75
04/28/2015,0.75,N/A,0.75,0.75,0.75
04/27/2015,0.75,N/A,0.75,0.75,0.75
04/24/2015,0.75,N/A,0.75,0.75,0.75
04/23/2015,0.75,N/A,0.75,0.75,0.75
04/22/2015,0.75,N/A,0.75,0.75,0.75
04/21/2015,0.75,N/A,0.75,0.75,0.75
04/20/2015,0.75,N/A,0.75,0.75,0.75
04/17/2015,0.75,N/A,0.75,0.75,0.75
04/16/2015,0.75,N/A,0.75,0.75,0.75
04/15/2015,0.75,N/A,0.75,0.75,0.75
04/14/2015,0.75,N/A,0.75,0.75,0.75
04/13/2015,0.75,N/A,0.75,0.75,0.75
04/10/2015,0.75,N/A,0.75,0.75,0.75
04/09/2015,0.75,N/A,0.75,0.75,0.75
04/08/2015,0.75,N/A,0.75,0.75,0.75
04/07/2015,0.75,N/A,0.75,0.75,0.75
04/06/2015,0.75,N/A,0.75,0.75,0.75
04/03/2015,0.75,N/A,0.75,0.75,0.75
04/02/2015,0.75,N/A,0.75,0.75,0.75
04/01/2015,0.75,N/A,0.75,0.75,0.75
03/31/2015,0.75,N/A,0.75,0.75,0.75
03/30/2015,0.75,N/A,0.75,0.75,0.75
03/27/2015,0.75,N/A,0.75,0.75,0.75
03/26/2015,0.75,N/A,0.75,0.75,0.75
03/25/2015,0.75,N/A,0.75,0.75,0.75
03/24/2015,0.75,N/A,0.75,0.75,0.75
03/23/2015,0.75,N/A,0.75,0.75,0.75
03/20/2015,0.75,N/A,0.75,0.75,0.75
03/19/2015,0.75,N/A,0.75,0.75,0.75
03/18/2015,0.75,N/A,0.75,0.75,0.75
03/17/2015,0.75,N/A,0.75,0.75,0.75
03/16/2015,0.75,N/A,0.75,0.75,0.75
03/13/2015,0.75,N/A,0.75,0.75,0.75
03/12/2015,0.75,N/A,0.75,0.75,0.75
03/11/2015,0.75,N/A,0.75,0.75,0.75
03/10/2015,0.75,N/A,0.75,0.75,0.75
03/09/2015,0.75,N/A,0.75,0.75,0.75
03/06/2015,0.75,N/A,0.75,0.75,0.75
03/05/2015,0.75,N/A,0.75,0.75,0.75
03/04/2015,0.75,N/A,0.75,0.75,0.75
03/03/2015,0.75,N/A,0.75,0.75,0.75
03/02/2015,0.75,N/A,0.75,0.75,0.75
02/27/2015,0.75,N/A,0.75,0.75,0.75
02/26/2015,0.75,N/A,0.75,0.75,0.75
02/25/2015,0.75,N/A,0.75,0.75,0.75
02/24/2015,0.75,N/A,0.75,0.75,0.75
02/23/2015,0.75,N/A,0.75,0.75,0.75
02/20/2015,0.75,N/A,0.75,0.75,0.75
02/19/2015,0.75,N/A,0.75,0.75,0.75
02/18/2015,0.75,N/A,0.75,0.75,0.75
02/17/2015,0.75,N/A,0.75,0.75,0.75
02/16/2015,0.75,N/A,0.75,0.75,0.75
02/13/2015,0.75,N/A,0.75,0.75,0.75
02/12/2015,0.75,N/A,0.75,0.75,0.75
02/11/2015,0.75,N/A,0.75,0.75,0.75
02/10/2015,0.75,N/A,0.75,0.75,0.75
02/09/2015,0.75,N/A,0.75,0.75,0.75
02/06/2015,0.75,N/A,0.75,0.75,0.75
02/05/2015,0.75,N/A,0.75,0.75,0.75
02/04/2015,0.75,N/A,0.75,0.75,0.75
02/03/2015,0.75,N/A,0.75,0.75,0.75
02/02/2015,0.75,N/A,0.75,0.75,0.75
01/30/2015,0.75,N/A,0.75,0.75,0.75
01/29/2015,0.75,N/A,0.75,0.75,0.75
01/28/2015,0.75,N/A,0.75,0.75,0.75
01/27/2015,0.75,N/A,0.75,0.75,0.75
01/26/2015,0.75,N/A,0.75,0.75,0.75
01/23/2015,0.75,N/A,0.75,0.75,0.75
01/22/2015,0.75,N/A,0.75,0.75,0.75
01/21/2015,0.75,N/A,0.75,0.75,0.75
01/20/2015,0.75,N/A,0.75,0.75,0.75
01/19/2015,0.75,N/A,0.75,0.75,0.75
01/16/2015,0.75,N/A,0.75,0.75,0.75
01/15/2015,0.75,N/A,0.75,0.75,0.75
01/14/2015,0.75,N/A,0.75,0.75,0.75
01/13/2015,0.75,N/A,0.75,0.75,0.75
01/12/2015,0.75,N/A,0.75,0.75,0.75
01/09/2015,0.75,N/A,0.75,0.75,0.75
01/08/2015,0.75,N/A,0.75,0.75,0.75
01/07/2015,0.75,N/A,0.75,0.75,0.75
01/06/2015,0.75,N/A,0.75,0.75,0.75
01/05/2015,0.75,N/A,0.75,0.75,0.75
01/02/2015,0.75,N/A,0.75,0.75,0.75
01/01/2015,0.75,N/A,0.75,0.75,0.75
12/31/2014,0.75,N/A,0.75,0.75,0.75
12/30/2014,0.75,N/A,0.75,0.75,0.75
12/29/2014,0.75,N/A,0.75,0.75,0.75
12/26/2014,0.75,N/A,0.75,0.75,0.75
12/25/2014,0.75,N/A,0.75,0.75,0.75
12/24/2014,0.75,N/A,0.75,0.75,0.75
12/23/2014,0.75,N/A,0.75,0.75,0.75
12/22/2014,0.75,N/A,0.75,0.75,0.75
12/19/2014,0.75,N/A,0.75,0.75,0.75
12/18/2014,0.75,N/A,0.75,0.75,0.75
12/17/2014,0.75,N/A,0.75,0.75,0.75
12/16/2014,0.75,N/A,0.75,0.75,0.75
12/15/2014,0.75,N/A,0.75,0.75,0.75
12/12/2014,0.75,N/A,0.75,0.75,0.75
12/11/2014,0.75,N/A,0.75,0.75,0.75
12/10/2014,0.75,N/A,0.75,0.75,0.75
12/09/2014,0.75,N/A,0.75,0.75,0.75
12/08/2014,0.75,N/A,0.75,0.75,0.75
12/05/2014,0.75,N/A,0.75,0.75,0.75
12/04/2014,0.75,N/A,0.75,0.75,0.75
12/03/2014,0.75,N/A,0.75,0.75,0.75
12/02/2014,0.75,N/A,0.75,0.75,0.75
12/01/2014,0.75,N/A,0.75,0.75,0.75
11/28/2014,0.75,N/A,0.75,0.75,0.75
11/27/2014,0.75,N/A,0.75,0.75,0.75
11/26/2014,0.75,N/A,0.75,0.75,0.75
11/25/2014,0.75,N/A,0.75,0.75,0.75
11/24/2014,0.75,N/A,0.75,0.75,0.75
11/21/2014,0.75,N/A,0.75,0.75,0.75
11/20/2014,0.75,N/A,0.75,0.75,0.75
11/19/2014,0.75,N/A,0.75,0.75,0.75
11/18/2014,0.75,N/A,0.75,0.75,0.75
11/17/2014,0.75,N/A,0.75,0.75,0.75
11/14/2014,0.75,N/A,0.75,0.75,0.75
11/13/2014,0.75,N/A,0.75,0.75,0.75
11/12/2014,0.75,N/A,0.75,0.75,0.75
11/11/2014,0.75,N/A,0.75,0.75,0.75
11/10/2014,0.75,N/A,0.75,0.75,0.75
11/07/2014,0.75,N/A,0.75,0.75,0.75
11/06/2014,0.75,N/A,0.75,0.75,0.75
11/05/2014,0.75,N/A,0.75,0.75,0.75
11/04/2014,0.75,N/A,0.75,0.75,0.75
11/03/2014,0.75,N/A,0.75,0.75,0.75
10/31/2014,0.75,N/A,0.75,0.75,0.75
10/30/2014,0.75,N/A,0.75,0.75,0.75
10/29/2014,0.75,N/A,0.75,0.75,0.75
10/28/2014,0.75,N/A,0.75,0.75,0.75
10/27/2014,0.75,N/A,0.75,0.75,0.75
10/24/2014,0.75,N/A,0.75,0.75,0.75
10/23/2014,0.75,N/A,0.75,0.75,0.75
10/22/2014,0.75,N/A,0.75,0.75,0.75
10/21/2014,0.75,N/A,0.75,0.75,0.75
10/20/2014,0.75,N/A,0.75,0.75,0.75
10/17/2014,0.75,N/A,0.75,0.75,0.75
10/16/2014,0.75,N/A,0.75,0.75,0.75
10/15/2014,0.75,N/A,0.75,0.75,0.75
10/14/2014,0.75,N/A,0.75,0.75,0.75
10/13/2014,0.75,N/A,0.75,0.75,0.75
10/10/2014,0.75,N/A,0.75,0.75,0.75
10/09/2014,0.75,N/A,0.75,0.75,0.75
10/08/2014,0.75,N/A,0.75,0.75,0.75
10/07/2014,0.75,N/A,0.75,0.75,0.75
10/06/2014,0.75,N/A,0.75,0.75,0.75
10/03/2014,0.75,N/A,0.75,0.75,0.75
10/02/2014,0.75,N/A,0.75,0.75,0.75
10/01/2014,0.75,N/A,0.75,0.75,0.75
09/30/2014,0.75,N/A,0.75,0.75,0.75
09/29/2014,0.75,N/A,0.75,0.75,0.75
09/26/2014,0.75,N/A,0.75,0.75,0.75
09/25/2014,0.75,N/A,0.75,0.75,0.75
09/24/2014,0.75,N/A,0.75,0.75,0.75
09/23/2014,0.75,N/A,0.75,0.75,0.75
09/22/2014,0.75,N/A,0.75,0.75,0.75
09/19/2014,0.75,N/A,0.75,0.75,0.75
09/18/2014,0.75,N/A,0.75,0.75,0.75
09/17/2014,0.75,N/A,0.75,0.75,0.75
09/16/2014,0.75,N/A,0.75,0.75,0.75
09/15/2014,0.75,N/A,0.75,0.75,0.75
09/12/2014,0.75,N/A,0.75,0.75,0.75
09/11/2014,0.75,N/A,0.75,0.75,0.75
09/10/2014,0.75,N/A,0.75,0.75,0.75
09/09/2014,0.75,N/A,0.75,0.75,0.75
09/08/2014,0.75,N/A,0.75,0.75,0.75
09/05/2014,0.75,N/A,0.75,0.75,0.75
09/04/2014,0.75,N/A,0.75,0.75,0.75
09/03/2014,0.75,N/A,0.75,0.75,0.75
09/02/2014,0.75,N/A,0.75,0.75,0.75
09/01/2014,0.75,N/A,0.75,0.75,0.75
08/29/2014,0.75,N/A,0.75,0.75,0.75
08/28/2014,0.75,N/A,0.75,0.75,0.75
08/27/2014,0.75,N/A,0.75,0.75,0.75
08/26/2014,0.75,N/A,0.75,0.75,0.75
08/25/2014,0.75,N/A,0.75,0.75,0.75
08/22/2014,0.75,N/A,0.75,0.75,0.75
08/21/2014,0.75,N/A,0.75,0.75,0.75
08/20/2014,0.75,N/A,0.75,0.75,0.75
08/19/2014,0.75,N/A,0.75,0.75,0.75
08/18/2014,0.75,N/A,0.75,0.75,0.75
08/15/2014,0.75,N/A,0.75,0.75,0.75
08/14/2014,0.75,N/A,0.75,0.75,0.75
08/13/2014,0.75,N/A,0.75,0.75,0.75
08/12/2014,0.75,N/A,0.75,0.75,0.75
08/11/2014,0.75,N/A,0.75,0.75,0.75
08/08/2014,0.75,N/A,0.75,0.75,0.75
08/07/2014,0.75,N/A,0.75,0.75,0.75
08/06/2014,0.75,N/A,0.75,0.75,0.75
08/05/2014,0.75,N/A,0.75,0.75,0.75
08/04/2014,0.75,N/A,0.75,0.75,0.75
08/01/2014,0.75,N/A,0.75,0.75,0.75
07/31/2014,0.75,N/A,0.75,0.75,0.75
07/30/2014,0.75,N/A,0.75,0.75,0.75
07/29/2014,0.75,N/A,0.75,0.75,0.75
07/28/2014,0.75,N/A,0.75,0.75,0.75
07/25/2014,0.75,N/A,0.75,0.75,0.75
07/24/2014,0.75,N/A,0.75,0.75,0.75
07/23/2014,0.75,N/A,0.75,0.75,0.75
07/22/2014,0.75,N/A,0.75,0.75,0.75
07/21/2014,0.75,N/A,0.75,0.75,0.75
07/18/2014,0.75,N/A,0.75,0.75,0.75
07/17/2014,0.75,N/A,0.75,0.75,0.75
07/16/2014,0.75,N/A,0.75,0.75,0.75
07/15/2014,0.75,N/A,0.75,0.75,0.75
07/14/2014,0.75,N/A,0.75,0.75,0.75
07/11/2014,0.75,N/A,0.75,0.75,0.75
07/10/2014,0.75,N/A,0.75,0.75,0.75
07/09/2014,0.75,N/A,0.75,0.75,0.75
07/08/2014,0.75,N/A,0.75,0.75,0.75
07/07/2014,0.75,N/A,0.75,0.75,0.75
07/04/2014,0.75,N/A,0.75,0.75,0.75
07/03/2014,0.75,N/A,0.75,0.75,0.75
07/02/2014,0.75,N/A,0.75,0.75,0.75
07/01/2014,0.75,N/A,0.75,0.75,0.75
06/30/2014,0.75,N/A,0.75,0.75,0.75
06/27/2014,0.75,N/A,0.75,0.75,0.75
06/26/2014,0.75,N/A,0.75,0.75,0.75
06/25/2014,0.75,N/A,0.75,0.75,0.75
06/24/2014,0.75,N/A,0.75,0.75,0.75
06/23/2014,0.75,N/A,0.75,0.75,0.75
06/20/2014,0.75,N/A,0.75,0.75,0.75
06/19/2014,0.75,N/A,0.75,0.75,0.75
06/18/2014,0.75,N/A,0.75,0.75,0.75
06/17/2014,0.75,N/A,0.75,0.75,0.75
06/16/2014,0.75,N/A,0.75,0.75,0.75
06/13/2014,0.75,N/A,0.75,0.75,0.75
06/12/2014,0.75,N/A,0.75,0.75,0.75
06/11/2014,0.75,N/A,0.75,0.75,0.75
06/10/2014,0.75,N/A,0.75,0.75,0.75
06/09/2014,0.75,N/A,0.75,0.75,0.75
06/06/2014,0.75,N/A,0.75,0.75,0.75
06/05/2014,0.75,N/A,0.75,0.75,0.75
06/04/2014,0.75,N/A,0.75,0.75,0.75
06/03/2014,0.75,N/A,0.75,0.75,0.75
06/02/2014,0.75,N/A,0.75,0.75,0.75
05/30/2014,0.75,N/A,0.75,0.75,0.75
05/29/2014,0.75,N/A,0.75,0.75,0.75
05/28/2014,0.75,N/A,0.75,0.75,0.75
05/27/2014,0.75,N/A,0.75,0.75,0.75
05/26/2014,0.75,N/A,0.75,0.75,0.75
05/23/2014,0.75,N/A,0.75,0.75,0.75
05/22/2014,0.75,N/A,0.75,0.75,0.75
05/21/2014,0.75,N/A,0.75,0.75,0.75
05/20/2014,0.75,N/A,0.75,0.75,0.75
05/19/2014,0.75,N/A,0.75,0.75,0.75
05/16/2014,0.75,N/A,0.75,0.75,0.75
05/15/2014,0.75,N/A,0.75,0.75,0.75
05/14/2014,0.75,N/A,0.75,0.75,0.75
05/13/2014,0.75,N/A,0.75,0.75,0.75
05/12/2014,0.75,N/A,0.75,0.75,0.75
05/09/2014,0.75,N/A,0.75,0.75,0.75
05/08/2014,0.75,N/A,0.75,0.75,0.75
05/07/2014,0.75,N/A,0.75,0.75,0.75
05/06/2014,0.75,N/A,0.75,0.75,0.75
05/05/2014,0.75,N/A,0.75,0.75,0.75
05/02/2014,0.75,N/A,0.75,0.75,0.75
05/01/2014,0.75,N/A,0.75,0.75,0.75
04/30/2014,0.75,N/A,0.75,0.75,0.75
04/29/2014,0.75,N/A,0.75,0.75,0.75
04/28/2014,0.75,N/A,0.75,0.75,0.75
04/25/2014,0.75,N/A,0.75,0.75,0.75
04/24/2014,0.75,N/A,0.75,0.75,0.75
04/23/2014,0.75,N/A,0.75,0.75,0.75
04/22/2014,0.75,N/A,0.75,0.75,0.75
04/21/2014,0.75,N/A,0.75,0.75,0.75
04/18/2014,0.75,N/A,0.75,0.75,0.75
04/17/2014,0.75,N/A,0.75,0.75,0.75
04/16/2014,0.75,N/A,0.75,0.75,0.75
04/15/2014,0.75,N/A,0.75,0.75,0.75
04/14/2014,0.75,N/A,0.75,0.75,0.75
04/11/2014,0.75,N/A,0.75,0.75,0.75
04/10/2014,0.75,N/A,0.75,0.75,0.75
04/09/2014,0.75,N/A,0.75,0.75,0.75
04/08/2014,0.75,N/A,0.75,0.75,0.75
04/07/2014,0.75,N/A,0.75,0.75,0.75
04/04/2014,0.75,N/A,0.75,0.75,0.75
04/03/2014,0.75,N/A,0.75,0.75,0.75
04/02/2014,0.75,N/A,0.75,0.75,0.75
04/01/2014,0.75,N/A,0.75,0.75,0.75
03/31/2014,0.75,N/A,0.75,0.75,0.75
03/28/2014,0.75,N/A,0.75,0.75,0.75
03/27/2014,0.75,N/A,0.75,0.75,0.75
03/26/2014,0.75,N/A,0.75,0.75,0.75
03/25/2014,0.75,N/A,0.75,0.75,0.75
03/24/2014,0.75,N/A,0.75,0.75,0.75
03/21/2014,0.75,N/A,0.75,0.75,0.75
03/20/2014,0.75,N/A,0.75,0.75,0.75
03/19/2014,0.75,N/A,0.75,0.75,0.75
03/18/2014,0.75,N/A,0.75,0.75,0.75
03/17/2014,0.75,N/A,0.75,0.75,0.75
03/14/2014,0.75,N/A,0.75,0.75,0.75
03/13/2014,0.75,N/A,0.75,0.75,0.75
03/12/2014,0.75,N/A,0.75,0.75,0.75
03/11/2014,0.75,N/A,0.75,0.75,0.75
03/10/2014,0.75,N/A,0.75,0.75,0.75
03/07/2014,0.75,N/A,0.75,0.75,0.75
03/06/2014,0.75,N/A,0.75,0.75,0.75
03/05/2014,0.75,N/A,0.75,0.75,0.75
03/04/2014,0.75,N/A,0.75,0.75,0.75
03/03/2014,0.75,N/A,0.75,0.75,0.75
02/28/2014,0.75,N/A,0.75,0.75,0.75
02/27/2014,0.75,N/A,0.75,0.75,0.75
02/26/2014,0.75,N/A,0.75,0.75,0.75
02/25/2014,0.75,N/A,0.75,0.75,0.75
02/24/2014,0.75,N/A,0.75,0.75,0.75
02/21/2014,0.75,N/A,0.75,0.75,0.75
02/20/2014,0.75,N/A,0.75,0.75,0.75
02/19/2014,0.75,N/A,0.75,0.75,0.75
02/18/2014,0.75,N/A,0.75,0.75,0.75
02/17/2014,0.75,N/A,0.75,0.75,0.75
02/14/2014,0.75,N/A,0.75,0.75,0.75
02/13/2014,0.75,N/A,0.75,0.75,0.75
02/12/2014,0.75,N/A,0.75,0.75,0.75
02/11/2014,0.75,N/A,0.75,0.75,0.75
02/10/2014,0.75,N/A,0.75,0.75,0.75
02/07/2014,0.75,N/A,0.75,0.75,0.75
02/06/2014,0.75,N/A,0.75,0.75,0.75
02/05/2014,0.75,N/A,0.75,0.75,0.75
02/04/2014,0.75,N/A,0.75,0.75,0.75
02/03/2014,0.75,N/A,0.75,0.75,0.75
01/31/2014,0.75,N/A,0.75,0.75,0.75
01/30/2014,0.75,N/A,0.75,0.75,0.75
01/29/2014,0.75,N/A,0.75,0.75,0.75
01/28/2014,0.75,N/A,0.75,0.75,0.75
01/27/2014,0.75,N/A,0.75,0.75,0.75
01/24/2014,0.75,N/A,0.75,0.75,0.75
01/23/2014,0.75,N/A,0.75,0.75,0.75
01/22/2014,0.75,N/A,0.75,0.75,0.75
01/21/2014,0.75,N/A,0.75,0.75,0.75
01/20/2014,0.75,N/A,0.75,0.75,0.75
01/17/2014,0.75,N/A,0.75,0.75,0.75
01/16/2014,0.75,N/A,0.75,0.75,0.75
01/15/2014,0.75,N/A,0.75,0.75,0.75
01/14/2014,0.75,N/A,0.75,0.75,0.75
01/13/2014,0.75,N/A,0.75,0.75,0.75
01/10/2014,0.75,N/A,0.75,0.75,0.75
01/09/2014,0.75,N/A,0.75,0.75,0.75
01/08/2014,0.75,N/A,0.75,0.75,0.75
01/07/2014,0.75,N/A,0.75,0.75,0.75
01/06/2014,0.75,N/A,0.75,0.75,0.75
01/03/2014,0.75,N/A,0.75,0.75,0.75
01/02/2014,0.75,N/A,0.75,0.75,0.75
01/01/2014,0.75,N/A,0.75,0.75,0.75
12/31/2013,0.75,N/A,0.75,0.75,0.75
12/30/2013,0.75,N/A,0.75,0.75,0.75
12/27/2013,0.75,N/A,0.75,0.75,0.75
12/26/2013,0.75,N/A,0.75,0.75,0.75
12/25/2013,0.75,N/A,0.75,0.75,0.75
12/24/2013,0.75,N/A,0.75,0.75,0.75
12/23/2013,0.75,N/A,0.75,0.75,0.75
12/20/2013,0.75,N/A,0.75,0.75,0.75
12/19/2013,0.75,N/A,0.75,0.75,0.75
12/18/2013,0.75,N/A,0.75,0.75,0.75
12/17/2013,0.75,N/A,0.75,0.75,0.75
12/16/2013,0.75,N/A,0.75,0.75,0.75
12/13/2013,0.75,N/A,0.75,0.75,0.75
12/12/2013,0.75,N/A,0.75,0.75,0.75
12/11/2013,0.75,N/A,0.75,0.75,0.75
12/10/2013,0.75,N/A,0.75,0.75,0.75
12/09/2013,0.75,N/A,0.75,0.75,0.75
12/06/2013,0.75,N/A,0.75,0.75,0.75
12/05/2013,0.75,N/A,0.75,0.75,0.75
12/04/2013,0.75,N/A,0.75,0.75,0.75
12/03/2013,0.75,N/A,0.75,0.75,0.75
12/02/2013,0.75,N/A,0.75,0.75,0.75
11/29/2013,0.75,N/A,0.75,0.75,0.75
11/28/2013,0.75,N/A,0.75,0.75,0.75
11/27/2013,0.75,N/A,0.75,0.75,0.75
11/26/2013,0.75,N/A,0.75,0.75,0.75
11/25/2013,0.75,N/A,0.75,0.75,0.75
11/22/2013,0.75,N/A,0.75,0.75,0.75
11/21/2013,0.75,N/A,0.75,0.75,0.75
11/20/2013,0.75,N/A,0.75,0.75,0.75
11/19/2013,0.75,N/A,0.75,0.75,0.75
11/18/2013,0.75,N/A,0.75,0.75,0.75
11/15/2013,0.75,N/A,0.75,0.75,0.75
11/14/2013,0.75,N/A,0.75,0.75,0.75
11/13/2013,0.75,N/A,0.75,0.75,0.75
11/12/2013,0.75,N/A,0.75,0.75,0.75
11/11/2013,0.75,N/A,0.75,0.75,0.75
11/08/2013,0.75,N/A,0.75,0.75,0.75
11/07/2013,0.75,N/A,0.75,0.75,0.75
11/06/2013,0.75,N/A,0.75,0.75,0.75
11/05/2013,0.75,N/A,0.75,0.75,0.75
11/04/2013,0.75,N/A,0.75,0.75,0.75
11/01/2013,0.75,N/A,0.75,0.75,0.75
10/31/2013,0.75,N/A,0.75,0.75,0.75
10/30/2013,0.75,N/A,0.75,0.75,0.75
10/29/2013,0.75,N/A,0.75,0.75,0.75
10/28/2013,0.75,N/A,0.75,0.75,0.75
10/25/2013,0.75,N/A,0.75,0.75,0.75
10/24/2013,0.75,N/A,0.75,0.75,0.75
10/23/2013,0.75,N/A,0.75,0.75,0.75
10/22/2013,0.75,N/A,0.75,0.75,0.75
10/21/2013,0.75,N/A,0.75,0.75,0.75
10/18/2013,0.75,N/A,0.75,0.75,0.75
10/17/2013,0.75,N/A,0.75,0.75,0.75
10/16/2013,0.75,N/A,0.75,0.75,0.75
10/15/2013,0.75,N/A,0.75,0.75,0.75
10/14/2013,0.75,N/A,0.75,0.75,0.75
10/11/2013,0.75,N/A,0.75,0.75,0.75
10/10/2013,0.75,N/A,0.75,0.75,0.75
10/09/2013,0.75,N/A,0.75,0.75,0.75
10/08/2013,0.75,N/A,0.75,0.75,0.75
10/07/2013,0.75,N/A,0.75,0.75,0.75
10/04/2013,0.75,N/A,0.75,0.75,0.75
10/03/2013,0.75,N/A,0.75,0.75,0.75
10/02/2013,0.75,N/A,0.75,0.75,0.75
10/01/2013,0.75,N/A,0.75,0.75,0.75
09/30/2013,0.75,N/A,0.75,0.75,0.75
09/27/2013,0.75,N/A,0.75,0.75,0.75
09/26/2013,0.75,N/A,0.75,0.75,0.75
09/25/2013,0.75,N/A,0.75,0.75,0.75
09/24/2013,0.75,N/A,0.75,0.75,0.75
09/23/2013,0.75,N/A,0.75,0.75,0.75
09/20/2013,0.75,N/A,0.75,0.75,0.75
09/19/2013,0.75,N/A,0.75,0.75,0.75
09/18/2013,0.75,N/A,0.75,0.75,0.75
09/17/2013,0.75,N/A,0.75,0.75,0.75
09/16/2013,0.75,N/A,0.75,0.75,0.75
09/13/2013,0.75,N/A,0.75,0.75,0.75
09/12/2013,0.75,N/A,0.75,0.75,0.75
09/11/2013,0.75,N/A,0.75,0.75,0.75
09/10/2013,0.75,N/A,0.75,0.75,0.75
09/09/2013,0.75,N/A,0.75,0.75,0.75
09/06/2013,0.75,N/A,0.75,0.75,0.75
09/05/2013,0.75,N/A,0.75,0.75,0.75
09/04/2013,0.75,N/A,0.75,0.75,0.75
09/03/2013,0.75,N/A,0.75,0.75,0.75
09/02/2013,0.75,N/A,0.75,0.75,0.75
08/30/2013,0.75,N/A,0.75,0.75,0.75
08/29/2013,0.75,N/A,0.75,0.75,0.75
08/28/2013,0.75,N/A,0.75,0.75,0.75
08/27/2013,0.75,N/A,0.75,0.75,0.75
08/26/2013,0.75,N/A,0.75,0.75,0.75
08/23/2013,0.75,N/A,0.75,0.75,0.75
08/22/2013,0.75,N/A,0.75,0.75,0.75
08/21/2013,0.75,N/A,0.75,0.75,0.75
08/20/2013,0.75,N/A,0.75,0.75,0.75
08/19/2013,0.75,N/A,0.75,0.75,0.75
08/16/2013,0.75,N/A,0.75,0.75,0.75
08/15/2013,0.75,N/A,0.75,0.75,0.75
08/14/2013,0.75,N/A,0.75,0.75,0.75
08/13/2013,0.75,N/A,0.75,0.75,0.75
08/12/2013,0.75,N/A,0.75,0.75,0.75
08/09/2013,0.75,N/A,0.75,0.75,0.75
08/08/2013,0.75,N/A,0.75,0.75,0.75
08/07/2013,0.75,N/A,0.75,0.75,0.75
08/06/2013,0.75,N/A,0.75,0.75,0.75
08/05/2013,0.75,N/A,0.75,0.75,0.75
08/02/2013,0.75,N/A,0.75,0.75,0.75
08/01/2013,0.75,N/A,0.75,0.75,0.75
07/31/2013,0.75,N/A,0.75,0.75,0.75
07/30/2013,0.75,N/A,0.75,0.75,0.75
07/29/2013,0.75,N/A,0.75,0.75,0.75
07/26/2013,0.75,N/A,0.75,0.75,0.75
07/25/2013,0.75,N/A,0.75,0.75,0.75
07/24/2013,0.75,N/A,0.75,0.75,0.75
07/23/2013,0.75,N/A,0.75,0.75,0.75
07/22/2013,0.75,N/A,0.75,0.75,0.75
07/19/2013,0.75,N/A,0.75,0.75,0.75
07/18/2013,0.75,N/A,0.75,0.75,0.75
07/17/2013,0.75,N/A,0.75,0.75,0.75
07/16/2013,0.75,N/A,0.75,0.75,0.75
07/15/2013,0.75,N/A,0.75,0.75,0.75
07/12/2013,0.75,N/A,0.75,0.75,0.75
07/11/2013,0.75,N/A,0.75,0.75,0.75
07/10/2013,0.75,N/A,0.75,0.75,0.75
07/09/2013,0.75,N/A,0.75,0.75,0.75
07/08/2013,0.75,N/A,0.75,0.75,0.75
07/05/2013,0.75,N/A,0.75,0.75,0.75
07/04/2013,0.75,N/A,0.75,0.75,0.75
07/03/2013,0.75,N/A,0.75,0.75,0.75
07/02/2013,0.75,N/A,0.75,0.75,0.75
07/01/2013,0.75,N/A,0.75,0.75,0.75
06/28/2013,0.75,N/A,0.75,0.75,0.75
06/27/2013,0.75,N/A,0.75,0.75,0.75
06/26/2013,0.75,N/A,0.75,0.75,0.75
06/25/2013,0.75,N/A,0.75,0.75,0.75
06/24/2013,0.75,N/A,0.75,0.75,0.75
06/21/2013,0.75,N/A,0.75,0.75,0.75
06/20/2013,0.75,N/A,0.75,0.75,0.75
06/19/2013,0.75,N/A,0.75,0.75,0.75
06/18/2013,0.75,N/A,0.75,0.75,0.75
06/17/2013,0.75,N/A,0.75,0.75,0.75
06/14/2013,0.75,N/A,0.75,0.75,0.75
06/13/2013,0.75,N/A,0.75,0.75,0.75
06/12/2013,0.75,N/A,0.75,0.75,0.75
06/11/2013,0.75,N/A,0.75,0.75,0.75
06/10/2013,0.75,N/A,0.75,0.75,0.75
06/07/2013,0.75,N/A,0.75,0.75,0.75
06/06/2013,0.75,N/A,0.75,0.75,0.75
06/05/2013,0.75,N/A,0.75,0.75,0.75
06/04/2013,0.75,N/A,0.75,0.75,0.75
06/03/2013,0.75,N/A,0.75,0.75,0.75
05/31/2013,0.75,N/A,0.75,0.75,0.75
05/30/2013,0.75,N/A,0.75,0.75,0.75
05/29/2013,0.75,N/A,0.75,0.75,0.75
05/28/2013,0.75,N/A,0.75,0.75,0.75
05/27/2013,0.75,N/A,0.75,0.75,0.75
05/24/2013,0.75,N/A,0.75,0.75,0.75
05/23/2013,0.75,N/A,0.75,0.75,0.75
05/22/2013,0.75,N/A,0.75,0.75,0.75
05/21/2013,0.75,N/A,0.75,0.75,0.75
05/20/2013,0.75,N/A,0.75,0.75,0.75
05/17/2013,0.75,N/A,0.75,0.75,0.75
05/16/2013,0.75,N/A,0.75,0.75,0.75
05/15/2013,0.75,N/A,0.75,0.75,0.75
05/14/2013,0.75,N/A,0.75,0.75,0.75
05/13/2013,0.75,N/A,0.75,0.75,0.75
05/10/2013,0.75,N/A,0.75,0.75,0.75
05/09/2013,0.75,N/A,0.75,0.75,0.75
05/08/2013,0.75,N/A,0.75,0.75,0.75
05/07/2013,0.75,N/A,0.75,0.75,0.75
05/06/2013,0.75,N/A,0.75,0.75,0.75
05/03/2013,0.75,N/A,0.75,0.75,0.75
05/02/2013,0.75,N/A,0.75,0.75,0.75
05/01/2013,0.75,N/A,0.75,0.75,0.75
04/30/2013,0.75,N/A,0.75,0.75,0.75
04/29/2013,0.75,N/A,0.75,0.75,0.75
04/26/2013,0.75,N/A,0.75,0.75,0.75
04/25/2013,0.75,N/A,0.75,0.75,0.75
04/24/2013,0.75,N/A,0.75,0.75,0.75
04/23/2013,0.75,N/A,0.75,0.75,0.75
04/22/2013,0.75,N/A,0.75,0.75,0.75
04/19/2013,0.75,N/A,0.75,0.75,0.75
04/18/2013,0.75,N/A,0.75,0.75,0.75
04/17/2013,0.75,N/A,0.75,0.75,0.75
04/16/2013,0.75,N/A,0.75,0.75,0.75
04/15/2013,0.75,N/A,0.75,0.75,0.75
04/12/2013,0.75,N/A,0.75,0.75,0.75
04/11/2013,0.75,N/A,0.75,0.75,0.75
04/10/2013,0.75,N/A,0.75,0.75,0.75
04/09/2013,0.75,N/A,0.75,0.75,0.75
04/08/2013,0.75,N/A,0.75,0.75,0.75
04/05/2013,0.75,N/A,0.75,0.75,0.75
04/04/2013,0.75,N/A,0.75,0.75,0.75
04/03/2013,0.75,N/A,0.75,0.75,0.75
04/02/2013,0.75,N/A,0.75,0.75,0.75
04/01/2013,0.75,N/A,0.75,0.75,0.75
03/29/2013,0.75,N/A,0.75,0.75,0.75
03/28/2013,0.75,N/A,0.75,0.75,0.75
03/27/2013,0.75,N/A,0.75,0.75,0.75
03/26/2013,0.75,N/A,0.75,0.75,0.75
03/25/2013,0.75,N/A,0.75,0.75,0.75
03/22/2013,0.75,N/A,0.75,0.75,0.75
03/21/2013,0.75,N/A,0.75,0.75,0.75
03/20/2013,0.75,N/A,0.75,0.75,0.75
03/19/2013,0.75,N/A,0.75,0.75,0.75
03/18/2013,0.75,N/A,0.75,0.75,0.75
03/15/2013,0.75,N/A,0.75,0.75,0.75
03/14/2013,0.75,N/A,0.75,0.75,0.75
03/13/2013,0.75,N/A,0.75,0.75,0.75
03/12/2013,0.75,N/A,0.75,0.75,0.75
03/11/2013,0.75,N/A,0.75,0.75,0.75
03/08/2013,0.75,N/A,0.75,0.75,0.75
03/07/2013,0.75,N/A,0.75,0.75,0.75
03/06/2013,0.75,N/A,0.75,0.75,0.75
03/05/2013,0.75,N/A,0.75,0.75,0.75
03/04/2013,0.75,N/A,0.75,0.75,0.75
03/01/2013,0.75,N/A,0.75,0.75,0.75
02/28/2013,0.75,N/A,0.75,0.75,0.75
02/27/2013,0.75,N/A,0.75,0.75,0.75
02/26/2013,0.75,N/A,0.75,0.75,0.75
02/25/2013,0.75,N/A,0.75,0.75,0.75
02/22/2013,0.75,N/A,0.75,0.75,0.75
02/21/2013,0.75,N/A,0.75,0.75,0.75
